report,PSIY_0-1,PSIY_1.1-2,PSIY_2.1-3,PSIY_3.1-4,PSIY_4.1-5,PSIY_5.1-6,PSIY_6.1-7,PSIY_7.1-8,PSIY_8.1-9,PSIY_9.1-10,PSIY_10.1-12,PSIY_12.1-15,PSIY_15.1-20,PSIY_20.1+,PSIY_life,PSIY_LWOP,PSIY_death,PSIY_YO,PSIY_total_reported,PSIY_not_reported,total_pop,PSIY_0-1_m,PSIY_1.1-2_m,PSIY_2.1-3_m,PSIY_3.1-4_m,PSIY_4.1-5_m,PSIY_5.1-6_m,PSIY_6.1-7_m,PSIY_7.1-8_m,PSIY_8.1-9_m,PSIY_9.1-10_m,PSIY_10.1-12_m,PSIY_12.1-15_m,PSIY_15.1-20_m,PSIY_20.1+_m,PSIY_life_m,PSIY_LWOP_m,PSIY_death_m,PSIY_YO_m,PSIY_total_reported_m,PSIY_not_reported_m,total_male_pop,PSIY_0-1_f,PSIY_1.1-2_f,PSIY_2.1-3_f,PSIY_3.1-4_f,PSIY_4.1-5_f,PSIY_5.1-6_f,PSIY_6.1-7_f,PSIY_7.1-8_f,PSIY_8.1-9_f,PSIY_9.1-10_f,PSIY_10.1-12_f,PSIY_12.1-15_f,PSIY_15.1-20_f,PSIY_20.1+_f,PSIY_life_f,PSIY_LWOP_f,PSIY_death_f,PSIY_YO_f,PSIY_total_reported_f,PSIY_not_reported_f,total_female_pop
2005-07,1138,3647,3731,2802,4908,2092,1994,1876,767,6180,2348,3495,3492,2668,6279,397,106,3,47925,0,47925,1071,3317,3396,2571,4568,1960,1885,1773,730,5890,2232,3353,3367,2607,6012,391,105,3,45232,0,45232,67,330,335,231,340,132,109,103,37,290,116,142,125,61,267,6,1,0,2693,0,2693
2005-08,1103,3616,3702,2792,4895,2100,2002,1889,776,6183,2346,3520,3516,2666,6296,399,107,3,47912,0,47912,1031,3282,3367,2561,4547,1966,1893,1784,738,5892,2226,3377,3389,2602,6028,393,106,3,45186,0,45186,72,334,335,231,348,134,109,105,38,291,120,143,127,64,268,6,1,0,2726,0,2726
2005-09,1135,3635,3686,2785,4820,2072,1979,1881,786,6149,2350,3512,3507,2672,6282,393,104,3,47752,0,47752,1050,3303,3340,2555,4461,1936,1870,1773,748,5856,2230,3372,3379,2608,6015,387,103,3,44990,0,44990,85,332,346,230,359,136,109,108,38,293,120,140,128,64,267,6,1,0,2762,0,2762
2005-10,1087,3526,3682,2734,4869,2043,1976,1861,787,6127,2348,3489,3486,2686,6284,393,101,3,47483,0,47483,996,3204,3311,2508,4500,1917,1870,1756,744,5833,2231,3354,3358,2622,6018,387,100,3,44713,0,44713,91,322,371,226,369,126,106,105,43,294,117,135,128,64,266,6,1,0,2770,0,2770
2005-11,1231,3676,3778,2787,4972,2068,2000,1898,794,6152,2355,3523,3498,2710,6305,400,101,3,48253,0,48253,1129,3337,3400,2552,4600,1940,1894,1787,750,5858,2238,3385,3369,2647,6040,394,100,3,45425,0,45425,102,339,378,235,372,128,106,111,44,294,117,138,129,63,265,6,1,0,2828,0,2828
2005-12,1316,3896,3820,2781,4998,2067,2009,1898,804,6143,2360,3518,3508,2720,6319,410,103,3,48674,0,48674,1201,3536,3437,2549,4641,1934,1907,1790,757,5850,2242,3381,3378,2658,6052,404,102,3,45823,0,45823,115,360,383,232,357,133,102,108,47,293,118,137,130,62,267,6,1,0,2851,0,2851
2006-01,1355,3915,3877,2790,4990,2040,2008,1907,800,6117,2355,3528,3506,2727,6317,411,102,3,48749,0,48749,1241,3551,3472,2553,4626,1910,1906,1793,751,5822,2240,3392,3375,2665,6049,405,101,3,45856,0,45856,114,364,405,237,364,130,102,114,49,295,115,136,131,62,268,6,1,0,2893,0,2893
2006-02,1580,3833,3920,2886,5034,2102,2024,1929,827,6172,2360,3538,3528,2730,6336,417,101,3,49321,0,49321,1439,3422,3493,2625,4648,1960,1913,1805,776,5869,2245,3400,3398,2667,6070,410,100,3,46244,0,46244,141,411,427,261,386,142,111,124,51,303,115,138,130,63,266,7,1,0,3077,0,3077
2006-03,1639,3975,4079,2953,5147,2119,2044,1954,824,6191,2368,3532,3530,2723,6356,415,100,3,49953,0,49953,1480,3513,3595,2667,4719,1977,1924,1828,773,5884,2252,3391,3404,2657,6087,409,99,3,46663,0,46663,159,462,484,286,428,142,120,126,51,307,116,141,126,66,269,6,1,0,3290,0,3290
2006-04,2031,3974,4098,2970,5162,2127,2066,1932,820,6230,2358,3552,3528,2725,6360,421,99,3,50457,0,50457,1815,3518,3615,2677,4723,1982,1937,1810,768,5924,2243,3412,3404,2663,6089,415,98,3,47097,0,47097,216,456,483,293,439,145,129,122,52,306,115,140,124,62,271,6,1,0,3360,0,3360
2006-05,1953,4148,4183,3003,5225,2166,2078,1950,829,6280,2388,3572,3538,2736,6389,420,99,3,51051,0,51051,1776,3700,3697,2713,4782,2018,1951,1825,776,5971,2272,3429,3413,2673,6115,414,98,3,47701,0,47701,177,448,486,290,443,148,127,125,53,309,116,143,125,63,274,6,1,0,3350,0,3350
2006-06,2416,4294,4428,3130,5442,2281,2129,1984,835,6366,2420,3604,3558,2747,6426,426,100,3,52635,0,52635,2188,3824,3916,2835,4977,2126,2004,1858,783,6043,2303,3457,3433,2681,6152,420,99,3,49127,0,49127,228,470,512,295,465,155,125,126,52,323,117,147,125,66,274,6,1,0,3508,0,3508
2006-07,2457,4343,4457,3118,5380,2238,2154,1967,831,6397,2421,3603,3550,2770,6438,429,102,3,52659,0,52659,2204,3839,3936,2826,4917,2074,2024,1843,774,6068,2307,3455,3425,2704,6159,423,101,3,49083,0,49083,253,504,521,292,463,164,130,124,57,329,114,148,125,66,279,6,1,0,3576,0,3576
2006-08,2708,4247,4332,3047,5280,2194,2108,1931,820,6367,2413,3584,3534,2755,6408,426,101,3,52259,0,52259,2407,3750,3835,2752,4828,2032,1983,1812,764,6037,2297,3437,3412,2690,6130,421,100,3,48691,0,48691,301,497,497,295,452,162,125,119,56,330,116,147,122,65,278,5,1,0,3568,0,3568
2006-09,2559,4337,4350,3057,5371,2201,2119,1930,796,6461,2415,3594,3543,2768,6417,432,100,3,52453,0,52453,2287,3820,3868,2765,4913,2035,1987,1813,743,6126,2299,3445,3420,2701,6135,426,99,3,48885,0,48885,272,517,482,292,458,166,132,117,53,335,116,149,123,67,282,6,1,0,3568,0,3568
2006-10,2523,4293,4353,3093,5378,2219,2117,1927,803,6487,2420,3592,3549,2769,6398,434,99,3,52457,0,52457,2241,3772,3881,2801,4922,2059,1985,1812,748,6145,2307,3441,3425,2703,6118,428,98,3,48889,0,48889,282,521,472,292,456,160,132,115,55,342,113,151,124,66,280,6,1,0,3568,0,3568
2006-11,2622,4134,4234,2993,5325,2195,2084,1903,790,6463,2413,3581,3558,2778,6408,439,99,3,52022,0,52022,2325,3634,3781,2713,4867,2037,1959,1790,737,6119,2300,3436,3437,2714,6125,433,98,3,48508,0,48508,297,500,453,280,458,158,125,113,53,344,113,145,121,64,283,6,1,0,3514,0,3514
2006-12,2733,4246,4355,3062,5448,2243,2103,1921,803,6493,2426,3603,3575,2780,6452,446,100,3,52792,0,52792,2437,3747,3892,2777,4969,2083,1974,1808,752,6143,2316,3457,3453,2716,6169,440,99,3,49235,0,49235,296,499,463,285,479,160,129,113,51,350,110,146,122,64,283,6,1,0,3557,0,3557
2007-01,2449,4131,4278,2990,5429,2232,2094,1918,786,6470,2415,3596,3573,2764,6451,449,101,3,52129,0,52129,2167,3628,3818,2709,4957,2066,1964,1800,737,6120,2305,3452,3450,2701,6168,443,100,3,48588,0,48588,282,503,460,281,472,166,130,118,49,350,110,144,123,63,283,6,1,0,3541,0,3541
2007-02,2539,4134,4238,2937,5361,2195,2087,1909,776,6434,2424,3590,3578,2781,6426,448,102,3,51962,0,51962,2256,3628,3785,2656,4892,2033,1960,1792,728,6078,2315,3443,3456,2716,6142,442,101,3,48426,0,48426,283,506,453,281,469,162,127,117,48,356,109,147,122,65,284,6,1,0,3536,0,3536
2007-03,2920,4238,4262,2936,5347,2198,2074,1919,775,6431,2445,3587,3583,2795,6426,453,102,3,52494,0,52494,2628,3724,3800,2664,4880,2032,1942,1800,724,6068,2338,3440,3462,2729,6140,447,101,3,48922,0,48922,292,514,462,272,467,166,132,119,51,363,107,147,121,66,286,6,1,0,3572,0,3572
2007-04,3309,4199,4249,2930,5314,2186,2041,1919,767,6411,2461,3589,3583,2795,6425,459,104,3,52744,0,52744,3010,3683,3791,2662,4849,2033,1913,1794,717,6044,2358,3438,3462,2730,6142,453,103,3,49185,0,49185,299,516,458,268,465,153,128,125,50,367,103,151,121,65,283,6,1,0,3559,0,3559
2007-05,3425,4197,4181,2899,5262,2150,2024,1918,763,6395,2460,3574,3574,2772,6440,465,102,3,52604,0,52604,3129,3680,3736,2629,4810,1995,1900,1791,714,6028,2357,3423,3453,2706,6155,459,101,3,49069,0,49069,296,517,445,270,452,155,124,127,49,367,103,151,121,66,285,6,1,0,3535,0,3535
2007-06,3991,4310,4185,2883,5262,2133,2006,1902,765,6350,2454,3580,3586,2793,6456,465,102,3,53226,0,53226,3665,3799,3740,2615,4816,1988,1879,1776,715,5995,2354,3429,3464,2726,6172,459,101,3,49696,0,49696,326,511,445,268,446,145,127,126,50,355,100,151,122,67,284,6,1,0,3530,0,3530
2007-07,4090,4329,4164,2845,5238,2110,1999,1902,756,6318,2453,3566,3584,2793,6452,465,103,3,53170,0,53170,3742,3839,3722,2580,4799,1961,1873,1781,707,5959,2355,3417,3462,2727,6167,459,102,3,49655,0,49655,348,490,442,265,439,149,126,121,49,359,98,149,122,66,285,6,1,0,3515,0,3515
2007-08,3807,4289,4211,2830,5308,2102,2017,1928,739,6360,2467,3565,3608,2789,6470,467,101,3,53061,0,53061,3469,3776,3766,2559,4860,1953,1886,1801,694,5995,2362,3418,3482,2721,6184,461,100,3,49490,0,49490,338,513,445,271,448,149,131,127,45,365,105,147,126,68,286,6,1,0,3571,0,3571
2007-09,3409,4331,4329,2911,5398,2106,2038,1937,730,6375,2499,3608,3603,2800,6497,474,102,3,53150,0,53150,3108,3833,3871,2636,4952,1957,1909,1809,687,6013,2391,3461,3480,2732,6209,468,101,3,49620,0,49620,301,498,458,275,446,149,129,128,43,362,108,147,123,68,288,6,1,0,3530,0,3530
2007-10,3763,4262,4372,2904,5419,2127,2035,1931,728,6350,2528,3614,3609,2815,6497,473,104,3,53534,0,53534,3411,3773,3903,2637,4966,1971,1911,1807,685,5995,2413,3472,3482,2745,6212,467,103,3,49956,0,49956,352,489,469,267,453,156,124,124,43,355,115,142,127,70,285,6,1,0,3578,0,3578
2007-11,3631,4343,4482,2999,5531,2171,2053,1964,736,6392,2568,3648,3636,2835,6542,473,104,3,54111,0,54111,3294,3860,4019,2725,5075,2008,1928,1840,694,6040,2451,3503,3508,2765,6257,467,103,3,50540,0,50540,337,483,463,274,456,163,125,124,42,352,117,145,128,70,285,6,1,0,3571,0,3571
2007-12,1535,4487,4833,3231,6027,2308,2159,2048,761,6658,2647,3756,3718,2900,6602,480,103,3,54256,0,54256,1367,4008,4305,2947,5535,2138,2036,1917,718,6290,2529,3608,3591,2829,6314,474,102,3,50711,0,50711,168,479,528,284,492,170,123,131,43,368,118,148,127,71,288,6,1,0,3545,0,3545
2008-01,1475,4356,4821,3298,6032,2340,2177,2059,765,6679,2690,3773,3709,2910,6608,482,104,3,54281,0,54281,1307,3881,4289,2993,5536,2161,2051,1932,719,6316,2568,3624,3581,2837,6320,476,103,3,50697,0,50697,168,475,532,305,496,179,126,127,46,363,122,149,128,73,288,6,1,0,3584,0,3584
2008-02,1499,4336,4853,3293,5996,2318,2165,2069,775,6689,2675,3784,3716,2915,6607,479,106,3,54278,0,54278,1338,3872,4338,2999,5518,2154,2041,1941,732,6333,2552,3637,3591,2843,6319,473,105,3,50789,0,50789,161,464,515,294,478,164,124,128,43,356,123,147,125,72,288,6,1,0,3489,0,3489
2008-03,1529,4308,4822,3305,5993,2328,2169,2071,764,6699,2678,3814,3726,2917,6591,483,106,3,54306,0,54306,1376,3842,4326,3000,5519,2156,2042,1941,717,6337,2557,3664,3600,2844,6301,477,105,3,50807,0,50807,153,466,496,305,474,172,127,130,47,362,121,150,126,73,290,6,1,0,3499,0,3499
2008-04,1593,4234,4819,3291,5964,2323,2167,2064,771,6687,2683,3844,3739,2935,6614,485,106,3,54322,0,54322,1448,3777,4320,2988,5495,2157,2044,1937,723,6319,2562,3691,3613,2863,6325,479,105,3,50849,0,50849,145,457,499,303,469,166,123,127,48,368,121,153,126,72,289,6,1,0,3473,0,3473
2008-05,1531,4209,4795,3275,6015,2292,2175,2051,775,6694,2676,3866,3753,2940,6627,486,105,3,54268,0,54268,1384,3751,4285,2967,5520,2121,2056,1921,722,6333,2555,3707,3629,2867,6335,480,104,3,50740,0,50740,147,458,510,308,495,171,119,130,53,361,121,159,124,73,292,6,1,0,3528,0,3528
2008-06,1535,4134,4706,3280,5938,2294,2156,2043,764,6671,2670,3861,3774,2945,6649,490,103,3,54016,0,54016,1392,3655,4194,2960,5448,2117,2034,1922,711,6307,2549,3706,3647,2869,6358,483,102,3,50457,0,50457,143,479,512,320,490,177,122,121,53,364,121,155,127,76,291,7,1,0,3559,0,3559
2008-07,1456,4072,4592,3246,5839,2236,2130,2043,753,6656,2666,3873,3776,2954,6667,494,104,3,53560,0,53560,1309,3578,4079,2908,5352,2063,2005,1918,700,6293,2542,3717,3648,2877,6375,485,103,3,49955,0,49955,147,494,513,338,487,173,125,125,53,363,124,156,128,77,292,9,1,0,3605,0,3605
2008-08,1448,4040,4527,3240,5850,2221,2126,2023,747,6640,2647,3879,3773,2955,6660,494,104,3,53377,0,53377,1291,3527,4014,2911,5356,2049,1999,1900,697,6271,2521,3724,3641,2877,6368,485,103,3,49737,0,49737,157,513,513,329,494,172,127,123,50,369,126,155,132,78,292,9,1,0,3640,0,3640
2008-09,1521,3966,4395,3236,5790,2187,2107,2013,748,6596,2614,3857,3767,2958,6665,497,103,3,53023,0,53023,1339,3454,3884,2896,5295,2025,1975,1881,700,6227,2489,3704,3634,2879,6375,488,102,3,49350,0,49350,182,512,511,340,495,162,132,132,48,369,125,153,133,79,290,9,1,0,3673,0,3673
2008-10,1477,3954,4450,3247,5849,2186,2133,2012,752,6601,2627,3862,3772,2959,6672,499,104,3,53159,0,53159,1309,3445,3932,2909,5353,2021,1997,1881,705,6227,2500,3707,3641,2881,6383,490,103,3,49487,0,49487,168,509,518,338,496,165,136,131,47,374,127,155,131,78,289,9,1,0,3672,0,3672
2008-11,1398,3796,4380,3233,5878,2169,2124,1987,748,6580,2609,3883,3760,2963,6669,500,105,3,52785,0,52785,1224,3298,3886,2896,5381,2003,1993,1863,701,6206,2485,3731,3631,2884,6379,491,104,3,49159,0,49159,174,498,494,337,497,166,131,124,47,374,124,152,129,79,290,9,1,0,3626,0,3626
2008-12,1373,3831,4365,3198,5878,2163,2115,1967,734,6561,2605,3885,3772,2968,6695,502,104,3,52719,0,52719,1183,3298,3864,2858,5379,1995,1983,1845,686,6188,2482,3731,3644,2888,6404,493,103,3,49027,0,49027,190,533,501,340,499,168,132,122,48,373,123,154,128,80,291,9,1,0,3692,0,3692
2009-01,1389,3804,4335,3184,5824,2176,2127,1974,750,6539,2594,3882,3794,2971,6694,505,104,3,52649,0,52649,1199,3288,3841,2843,5331,2012,1996,1845,699,6163,2471,3728,3661,2892,6400,497,103,3,48972,0,48972,190,516,494,341,493,164,131,129,51,376,123,154,133,79,294,8,1,0,3677,0,3677
2009-02,1462,3893,4328,3147,5831,2195,2168,1967,753,6596,2597,3898,3800,2980,6721,509,104,3,52952,0,52952,1264,3365,3855,2820,5315,2027,2028,1837,702,6218,2469,3748,3662,2900,6425,500,103,3,49241,0,49241,198,528,473,327,516,168,140,130,51,378,128,150,138,80,296,9,1,0,3711,0,3711
2009-03,1551,4038,4390,3194,5798,2230,2165,1975,746,6607,2594,3888,3798,2972,6734,514,103,3,53300,0,53300,1353,3517,3900,2874,5305,2055,2026,1846,695,6230,2468,3738,3663,2889,6438,505,102,3,49607,0,49607,198,521,490,320,493,175,139,129,51,377,126,150,135,83,296,9,1,0,3693,0,3693
2009-04,1653,4121,4422,3175,5804,2246,2152,1973,745,6589,2573,3930,3801,2989,6761,518,103,3,53558,0,53558,1461,3606,3944,2860,5304,2074,2014,1845,691,6215,2455,3781,3664,2907,6466,509,102,3,49901,0,49901,192,515,478,315,500,172,138,128,54,374,118,149,137,82,295,9,1,0,3657,0,3657
2009-06,1949,4210,4437,3192,5788,2236,2121,1978,752,6594,2583,3955,3827,3015,6774,528,107,3,54049,0,54049,1719,3669,3947,2882,5284,2073,1989,1850,706,6217,2467,3800,3692,2931,6477,519,106,3,50331,0,50331,230,541,490,310,504,163,132,128,46,377,116,155,135,84,297,9,1,0,3718,0,3718
2009-07,1721,4283,4456,3213,5723,2235,2102,1984,775,6577,2578,3961,3825,3021,6784,533,108,3,53882,0,53882,1497,3729,3963,2902,5222,2066,1968,1855,729,6197,2460,3807,3689,2939,6485,524,107,3,50142,0,50142,224,554,493,311,501,169,134,129,46,380,118,154,136,82,299,9,1,0,3740,0,3740
2009-08,1604,4163,4410,3178,5622,2230,2069,1947,763,6529,2547,3947,3809,3025,6781,534,107,3,53268,0,53268,1383,3619,3910,2857,5121,2058,1934,1823,710,6150,2430,3794,3671,2946,6484,525,106,3,49524,0,49524,221,544,500,321,501,172,135,124,53,379,117,153,138,79,297,9,1,0,3744,0,3744
2009-09,1444,4149,4407,3207,5653,2236,2055,1966,782,6501,2594,3964,3834,3042,6802,545,105,5,53291,0,53287,1237,3613,3900,2885,5144,2060,1922,1842,726,6129,2471,3812,3695,2965,6506,536,104,5,49552,0,49552,207,535,506,322,508,176,133,124,56,372,123,152,139,77,295,9,1,0,3735,0,3735
2009-10,1449,4103,4439,3209,5719,2227,2081,1958,785,6488,2584,3969,3816,3036,6803,552,106,3,53327,0,53327,1251,3578,3927,2899,5187,2054,1935,1831,731,6112,2459,3815,3677,2959,6505,542,105,3,49570,0,49570,198,525,512,310,532,173,146,127,54,376,125,154,139,77,298,10,1,0,3757,0,3757
2009-11,1380,4065,4534,3238,5779,2244,2081,1966,795,6505,2570,3970,3837,3059,6834,555,102,3,53517,0,53512,1184,3542,4008,2914,5237,2075,1930,1842,738,6121,2445,3808,3700,2981,6536,545,101,3,49710,0,49710,195,521,526,324,540,169,151,124,57,384,125,162,137,78,298,10,1,0,3802,0,3802
2009-12,1380,4065,4534,3238,5779,2244,2081,1966,795,6505,2570,3970,3837,3059,6834,555,102,3,53517,0,53512,1184,3542,4008,2914,5237,2075,1930,1842,738,6121,2445,3808,3700,2981,6536,545,101,3,49710,0,49710,195,521,526,324,540,169,151,124,57,384,125,162,137,78,298,10,1,0,3802,0,3802
2010-01,1426,4026,4521,3180,5764,2197,2107,1928,792,6484,2545,3970,3843,3066,6843,569,101,3,53365,0,53363,1247,3541,3997,2858,5216,2022,1951,1807,732,6096,2427,3804,3701,2985,6548,557,100,3,49592,0,49592,179,484,524,322,547,175,156,121,60,388,118,166,142,81,295,12,1,0,3771,0,3771
2010-02,1520,4085,4534,3200,5779,2213,2119,1922,832,6490,2567,3989,3849,3076,6834,574,100,3,53686,0,53682,1344,3622,4009,2891,5232,2042,1958,1801,770,6110,2448,3824,3706,2995,6538,562,99,3,49954,0,49954,176,462,523,309,547,171,161,121,62,379,119,165,143,81,296,12,1,0,3728,0,3728
2010-03,1383,3966,4496,3118,5778,2210,2122,1916,823,6465,2547,4010,3840,3089,6838,578,100,3,53282,0,53279,1226,3529,3962,2836,5233,2034,1958,1793,767,6091,2429,3843,3699,3007,6543,566,99,3,49618,0,49618,157,436,532,282,545,176,164,123,56,374,118,167,141,82,295,12,1,0,3661,0,3661
2010-04,1372,3996,4451,3107,5702,2127,2071,1877,837,6367,2533,3951,3825,3079,6831,584,100,3,52813,0,52813,1208,3536,3913,2812,5161,1970,1926,1761,780,6004,2410,3792,3682,2996,6534,572,99,3,49159,0,49159,164,460,538,295,541,157,145,116,57,363,123,159,143,83,297,12,1,0,3654,0,3654
2010-05,1348,4020,4427,3085,5711,2112,2072,1871,841,6346,2547,3951,3825,3074,6841,593,101,3,52768,0,52768,1172,3542,3876,2811,5165,1954,1928,1759,782,5991,2422,3790,3683,2990,6536,580,99,3,49083,0,49083,176,478,551,274,546,158,144,112,59,355,125,161,142,84,305,13,2,0,3685,0,3685
2010-06,1319,3902,4416,3010,5658,2071,2053,1861,825,6293,2508,3932,3826,3082,6842,592,99,3,52292,0,52291,1108,3438,3839,2740,5105,1919,1902,1744,770,5944,2388,3768,3686,2999,6539,580,98,3,48570,0,48570,211,464,577,270,552,152,151,117,55,349,120,164,140,83,303,12,1,0,3721,0,3721
2010-07,1411,3955,4409,3021,5666,2037,2035,1869,826,6332,2483,3914,3833,3068,6835,604,101,3,52402,0,52401,1177,3501,3825,2740,5120,1892,1889,1748,772,5982,2369,3749,3693,2982,6531,592,100,3,48665,0,48665,233,454,584,281,546,145,146,121,54,350,114,165,140,86,304,12,1,0,3736,0,3736
2010-08,1488,4043,4461,3039,5692,2025,2057,1881,830,6326,2469,3906,3827,3077,6841,605,101,3,52671,0,52670,1254,3572,3872,2749,5136,1874,1911,1758,776,5978,2353,3742,3686,2988,6540,593,100,3,48885,0,48885,234,471,589,290,555,151,146,123,54,348,116,163,141,89,301,12,1,0,3784,0,3784
2010-09,1450,4005,4458,3012,5704,2080,2056,1907,854,6305,2468,3909,3833,3086,6828,610,99,3,52667,0,52665,1248,3572,3898,2734,5167,1929,1915,1785,802,5966,2360,3747,3692,2994,6528,599,98,3,49037,0,49037,201,433,560,278,536,151,141,122,52,339,108,161,141,92,300,11,1,0,3627,0,3627
2010-10,1484,4035,4462,2972,5765,2108,2054,1934,844,6323,2482,3922,3833,3099,6844,614,100,3,52878,0,52878,1249,3582,3864,2691,5215,1946,1909,1809,793,5984,2368,3766,3688,3006,6541,602,99,3,49115,0,49115,235,453,598,281,550,162,145,125,51,339,114,156,145,93,303,12,1,0,3763,0,3763
2010-11,1483,3920,4451,2968,5742,2102,2047,1929,843,6305,2456,3915,3830,3111,6854,615,100,3,52674,0,52674,1258,3471,3874,2683,5184,1942,1902,1807,796,5968,2341,3762,3685,3018,6553,603,99,3,48949,0,48949,225,449,577,285,558,160,145,122,47,337,115,153,145,93,301,12,1,0,3725,0,3725
2010-12,1526,4014,4522,3047,5756,2119,2039,1910,874,6289,2490,3925,3840,3142,6881,615,99,3,53091,0,53091,1296,3551,3934,2748,5203,1959,1894,1789,827,5953,2371,3772,3694,3049,6576,605,98,3,49322,0,49322,230,463,588,299,553,160,145,121,47,336,119,153,146,93,305,10,1,0,3769,0,3769
2011-01,1528,3951,4512,3050,5722,2096,2027,1892,874,6248,2476,3910,3834,3149,6886,614,99,3,52871,0,52868,1308,3494,3931,2749,5176,1943,1886,1776,828,5914,2359,3760,3689,3056,6581,604,98,3,49155,0,49155,220,457,581,301,544,153,141,116,46,334,117,149,145,93,305,10,1,0,3713,0,3713
2011-02,1654,3863,4542,3065,5717,2090,2029,1906,874,6231,2461,3911,3824,3142,6903,618,98,3,52931,0,52919,1415,3399,3958,2762,5180,1933,1889,1790,829,5891,2347,3761,3677,3047,6593,608,97,3,49179,0,49179,238,461,583,303,535,157,139,115,45,339,114,149,147,95,309,10,1,0,3740,0,3740
2011-03,9151,3776,4387,3060,5634,2142,2043,1936,896,6182,2513,3915,3839,3161,1,,,3,52639,0,52639,8639,3328,3839,2771,5121,1976,1905,1826,853,5847,2398,3776,3697,3068,1,,,3,49048,0,49048,512,448,548,289,513,166,138,110,43,335,115,139,142,93,0,,,0,3591,0,3591
2011-04,1586,3789,4413,3087,5579,2130,2036,1910,915,6149,2512,3924,3831,3163,6880,633,119,3,52659,0,52659,1395,3337,3875,2802,5080,1963,1900,1806,869,5823,2395,3784,3689,3071,6571,622,117,3,49102,0,49102,191,452,538,285,499,167,136,104,46,326,117,140,142,92,309,11,2,0,3557,0,3557
2011-05,1640,3773,4481,3132,5580,2152,2040,1902,923,6134,2502,3917,3822,3168,6877,634,120,3,52800,0,52800,1450,3324,3923,2832,5083,1983,1905,1798,877,5809,2386,3776,3679,3076,6568,623,118,3,49213,0,49213,190,449,558,300,497,169,135,104,46,325,116,141,143,92,309,11,2,0,3587,0,3587
2011-06,2112,4006,4460,3098,5439,2134,2027,1900,937,6107,2487,3908,3833,3186,6963,644,97,3,53341,0,53341,1916,3537,3910,2803,4962,1962,1888,1790,894,5781,2377,3768,3688,3093,6651,632,96,3,49751,0,49751,196,469,550,295,477,172,139,110,43,326,110,140,145,93,312,12,1,0,3590,0,3590
2011-07,1999,4030,4510,3085,5478,2167,2029,1876,968,6090,2486,3896,3831,3197,6957,652,97,3,53351,0,53351,1774,3526,3940,2778,4985,1985,1887,1765,920,5760,2375,3758,3687,3105,6645,640,96,3,49629,0,49629,225,504,570,307,493,182,142,111,48,330,111,138,144,92,312,12,1,0,3722,0,3722
2011-08,2350,4091,4614,3230,5617,2229,2115,1938,1010,6135,2533,3956,3965,3276,7118,674,98,4,54953,0,54953,2124,3571,4035,2909,5120,2044,1972,1822,957,5805,2418,3820,3821,3186,6802,661,97,4,51168,0,51168,226,520,579,321,497,185,143,116,53,330,115,136,144,90,316,13,1,0,3785,0,3785
2011-09,2325,4098,4648,3251,5638,2236,2125,1946,1017,6137,2541,3960,3975,3285,7132,678,96,4,55092,0,55092,2119,3601,4084,2934,5145,2053,1983,1832,964,5809,2426,3823,3830,3196,6816,665,95,4,51379,0,51379,206,497,564,317,493,183,142,114,53,328,115,137,145,89,316,13,1,0,3713,0,3713
2011-10,2308,4189,4649,3342,5676,2277,2158,1977,1037,6091,2532,3955,3978,3292,7132,686,97,4,55380,0,55380,2115,3687,4083,3008,5180,2087,2014,1856,984,5763,2419,3815,3835,3203,6815,673,96,4,51637,0,51637,193,502,566,334,496,190,144,121,53,328,113,140,143,89,317,13,1,0,3743,0,3743
2011-11,2230,4090,4636,3340,5656,2281,2162,1969,1043,6034,2508,3944,3988,3286,7115,693,96,4,55075,0,55075,2044,3597,4067,2991,5160,2087,2018,1841,991,5712,2399,3805,3842,3201,6799,680,95,4,51333,0,51333,186,493,569,349,496,194,144,128,52,322,109,139,146,85,316,13,1,0,3742,0,3742
2011-12,2124,4032,4648,3390,5682,2296,2180,1965,1057,6042,2514,3942,3988,3280,7121,696,96,4,55057,0,55057,1969,3568,4087,3035,5182,2095,2028,1839,1006,5719,2403,3797,3841,3196,6806,683,95,4,51353,0,51353,155,464,561,355,500,201,152,126,51,323,111,145,147,84,315,13,1,0,3704,0,3704
2012-01,4700,4090,4574,3112,5292,1910,1900,1772,952,5714,2225,3800,3805,3256,7025,677,97,3,54904,0,54904,4301,3623,4043,2805,4825,1749,1775,1660,905,5411,2125,3655,3663,3170,6715,664,95,3,51187,0,51187,399,467,531,307,467,161,125,112,47,303,100,145,142,86,310,13,2,0,3717,0,3717
2012-02,1734,3367,4176,3226,5846,2581,2510,2278,1357,6253,2782,4186,4134,3390,7101,711,96,4,55732,0,55732,1622,3037,3701,2882,5324,2332,2309,2093,1265,5885,2641,4001,3974,3295,6785,698,95,4,51943,0,51943,112,330,475,344,522,249,201,185,92,368,141,185,160,95,316,13,1,0,3789,0,3789
2012-03,1962,3632,4399,3352,5952,2602,2529,2254,1364,6257,2791,4138,4078,3356,7111,713,97,3,56590,0,56590,1820,3267,3912,2996,5405,2357,2321,2077,1270,5880,2645,3958,3927,3265,6795,700,96,3,52694,0,52694,142,365,487,356,547,245,208,177,94,377,146,180,151,91,316,13,1,0,3896,0,3896
2012-04,1927,3656,4425,3399,5979,2657,2556,2273,1393,6273,2807,4157,4090,3375,7129,719,96,3,56914,0,56914,1786,3285,3941,3042,5439,2407,2348,2093,1299,5895,2658,3976,3937,3283,6809,706,95,3,53002,0,53002,141,371,484,357,540,250,208,180,94,378,149,181,153,92,320,13,1,0,3912,0,3912
2012-05,3953,5044,4878,3782,5392,2047,2121,1816,2579,4616,2228,3829,3874,3159,7151,727,96,3,57295,0,57295,3521,4517,4332,3460,4904,1888,1968,1705,2472,4339,2131,3685,3728,3076,6830,713,95,3,53367,0,53367,432,527,546,322,488,159,153,111,107,277,97,144,146,83,321,14,1,0,3928,0,3928
2012-06,1996,3706,4527,3458,6006,2706,2626,2304,1457,6277,2841,4169,4105,3400,7164,731,95,2,57570,0,57570,1874,3336,4045,3115,5482,2442,2418,2124,1359,5892,2691,3985,3950,3309,6842,717,94,2,53677,0,53677,122,370,482,343,524,264,208,180,98,385,150,184,155,91,322,14,1,0,3893,0,3893
2012-07,2105,3882,4616,3576,6113,2748,2646,2340,1506,6301,2883,4169,4134,3426,7188,737,94,2,58466,0,58466,1970,3519,4130,3238,5586,2482,2438,2158,1403,5922,2731,3984,3974,3335,6868,723,93,2,54556,0,54556,135,363,486,338,527,266,208,182,103,379,152,185,160,91,320,14,1,0,3910,0,3910
2012-08,1907,3784,4565,3605,6037,2720,2629,2369,1526,6275,2875,4177,4097,3430,7173,737,94,2,58002,0,58002,1770,3430,4081,3258,5510,2456,2418,2178,1422,5898,2725,3992,3936,3337,6853,723,93,2,54082,0,54082,137,354,484,347,527,264,211,191,104,377,150,185,161,93,320,14,1,0,3920,0,3920
2012-09,1805,3686,4521,3571,5977,2700,2586,2342,1539,6243,2897,4165,4094,3426,7180,745,95,2,57574,0,57574,1680,3339,4039,3233,5444,2440,2378,2153,1436,5869,2745,3987,3934,3333,6860,730,94,2,53696,0,53696,125,347,482,338,533,260,208,189,103,374,152,178,160,93,320,15,1,0,3878,0,3878
2012-10,13095,1793,2389,2087,3824,1840,1850,1937,1462,5162,2763,3876,3874,3678,7189,758,95,16,57688,0,57688,12456,1590,2048,1849,3430,1612,1671,1754,1351,4796,2581,3674,3680,3563,6868,742,94,16,53775,0,53775,639,203,341,238,394,228,179,183,111,366,182,202,194,115,321,16,1,0,3913,0,3913
2012-11,1741,3734,4484,3558,5856,2696,2554,2338,1601,6231,2934,4195,4115,3456,7203,773,95,2,57566,0,57566,1586,3387,4000,3237,5341,2426,2352,2153,1495,5858,2777,4005,3949,3362,6881,756,94,2,53661,0,53661,155,347,484,321,515,270,202,185,106,373,157,190,166,94,322,17,1,0,3905,0,3905
2012-12,1733,3673,4414,3518,5772,2656,2518,2308,1592,6236,2933,4197,4123,3465,7227,782,95,2,57244,0,57244,1580,3345,3937,3195,5266,2397,2314,2126,1486,5855,2776,4006,3953,3372,6905,764,94,2,53373,0,53373,153,328,477,323,506,259,204,182,106,381,157,191,170,93,322,18,1,0,3871,0,3871
2013-01,1786,3617,4382,3500,5713,2614,2493,2263,1593,6169,2919,4199,4116,3476,7234,781,94,2,56951,0,56951,1626,3283,3895,3175,5212,2356,2295,2083,1484,5784,2764,4005,3947,3382,6911,761,93,2,53058,0,53058,160,334,487,325,501,258,198,180,109,385,155,194,169,94,323,20,1,0,3893,0,3893
2013-02,1696,3613,4351,3475,5626,2587,2457,2244,1598,6115,2916,4190,4109,3491,7229,800,91,2,56590,0,56590,1540,3273,3868,3153,5135,2336,2263,2070,1488,5734,2758,3994,3942,3397,6905,779,90,2,52727,0,52727,156,340,483,322,491,251,194,174,110,381,158,196,167,94,324,21,1,0,3863,0,3863
2013-03,1639,3537,4309,3441,5391,2562,2460,2201,1717,5898,3002,4200,4180,3580,7228,808,91,2,56246,0,56246,1478,3193,3836,3114,4922,2310,2265,2026,1605,5518,2844,4000,4009,3482,6903,787,90,2,52384,0,52384,161,344,473,327,469,252,195,175,112,380,158,200,171,98,325,21,1,0,3862,0,3862
2013-04,1630,3482,4239,3412,5345,2552,2440,2187,1717,5866,2988,4197,4170,3603,7242,824,91,2,55987,0,55987,1464,3125,3796,3090,4882,2305,2249,2019,1604,5487,2830,4000,3998,3503,6915,802,90,2,52161,0,52161,166,357,443,322,463,247,191,168,113,379,158,197,172,100,327,22,1,0,3826,0,3826
2013-05,1636,3462,4191,3382,5271,2529,2409,2156,1721,5829,2980,4186,4183,3618,7260,841,91,2,55747,0,55747,1475,3109,3759,3074,4811,2279,2228,1996,1606,5445,2821,3996,4014,3517,6931,818,90,2,51971,0,51971,161,353,432,308,460,250,181,160,115,384,159,190,169,101,329,23,1,0,3776,0,3776
2013-06,1594,3379,4122,3318,5307,2497,2357,2166,1612,5962,2889,4154,4141,3547,7257,850,91,2,55245,0,55245,1439,3022,3695,3022,4842,2248,2178,2009,1496,5576,2730,3967,3974,3449,6928,827,90,2,51494,0,51494,155,357,427,296,465,249,179,157,116,386,159,187,167,98,329,23,1,0,3751,0,3751
2013-07,1609,3319,4074,3257,5203,2465,2355,2152,1623,5922,2904,4148,4154,3556,7260,855,91,2,54949,0,54949,1452,2983,3663,2964,4760,2223,2175,1994,1504,5542,2746,3960,3989,3458,6932,832,90,2,51269,0,51269,157,336,411,293,443,242,180,158,119,380,158,188,165,98,328,23,1,0,3680,0,3680
2013-08,3673,702,981,982,2493,1259,1395,1338,1309,6561,3215,6061,10111,9141,5037,386,68,2,54714,0,54714,3436,635,898,896,2252,1146,1294,1213,1202,5971,2953,5600,9532,8726,4873,383,67,2,51079,0,51079,237,67,83,86,241,113,101,125,107,590,262,461,579,415,164,3,1,0,3635,0,3635
2013-09,3851,706,965,988,2467,1262,1383,1342,1286,6448,3162,6038,10104,9215,4928,366,68,2,54581,0,54581,3607,636,884,908,2245,1146,1285,1216,1179,5867,2899,5577,9524,8800,4764,363,67,2,50969,0,50969,244,70,81,80,222,116,98,126,107,581,263,461,580,415,164,3,1,0,3612,0,3612
2013-10,500,791,1015,1004,2464,1268,1368,1344,1277,6352,3147,6019,10171,9497,7278,930,99,2,54526,0,54526,468,718,932,926,2236,1146,1261,1226,1170,5772,2887,5561,9587,9081,6942,904,98,2,50917,0,50917,32,73,83,78,228,122,107,118,107,580,260,458,584,416,336,26,1,0,3609,0,3609
2013-11,501,806,1005,983,2433,1272,1351,1344,1273,6259,3107,5953,10178,9531,7281,945,99,2,54323,0,54323,470,735,921,909,2211,1148,1241,1225,1173,5685,2852,5491,9593,9114,6940,919,98,2,50727,0,50727,31,71,84,74,222,124,110,119,100,574,255,462,585,417,341,26,1,0,3596,0,3596
2013-12,520,818,1014,993,2408,1266,1347,1364,1278,6197,3090,5913,10112,9577,7289,947,99,2,54234,0,54148,489,745,929,918,2189,1137,1237,1245,1174,5624,2838,5447,9533,9154,6944,921,98,2,50624,0,50539,31,73,85,75,219,129,110,119,104,573,252,466,579,423,345,26,1,0,3610,0,3609
2014-01,509,771,1012,991,2348,1236,1318,1335,1275,6042,3073,5842,10055,9582,7289,958,99,2,53737,0,53649,483,702,922,917,2142,1109,1209,1215,1168,5483,2824,5393,9484,9158,6945,932,98,2,50186,0,50099,26,69,90,74,206,127,109,120,107,559,249,449,571,424,344,26,1,0,3551,0,3550
2014-02,487,741,992,967,2272,1195,1264,1309,1287,5868,2982,5816,10008,9598,7301,958,99,2,53146,0,53057,461,673,908,899,2077,1066,1169,1195,1176,5325,2739,5367,9438,9173,6957,932,98,2,49655,0,49567,26,68,84,68,195,129,95,114,111,543,243,449,570,425,344,26,1,0,3491,0,3490
2014-03,485,757,994,992,2229,1191,1241,1295,1270,5763,2981,5811,10011,9605,7312,961,100,2,53000,0,52909,465,683,901,924,2042,1064,1154,1177,1165,5230,2742,5359,9440,9177,6966,934,99,2,49524,0,49434,20,74,93,68,187,127,87,118,105,533,239,452,571,428,346,27,1,0,3476,0,3475
2014-04,492,780,986,981,2235,1193,1207,1311,1245,5709,2970,5817,10029,9660,7329,974,100,2,53020,0,53020,466,706,886,913,2040,1069,1114,1192,1149,5184,2732,5360,9453,9235,6981,946,99,2,49527,0,49527,26,74,100,68,195,124,93,119,96,525,238,457,576,425,348,28,1,0,3493,0,3493
2014-05,451,707,952,950,2241,1209,1245,1316,1245,5796,2977,5848,10123,9700,7331,979,100,2,53172,0,53172,424,638,857,877,2052,1075,1150,1197,1154,5259,2747,5388,9540,9271,6983,952,99,2,49665,0,49665,27,69,95,73,189,134,95,119,91,537,230,460,583,429,348,27,1,0,3507,0,3507
2014-06,458,720,997,947,2274,1226,1231,1306,1226,5773,2946,5825,10057,9720,7336,988,99,2,53131,0,53131,434,648,898,866,2077,1092,1139,1197,1138,5240,2726,5382,9477,9295,6986,960,98,2,49655,0,49655,24,72,99,81,197,134,92,109,88,533,220,443,580,425,350,28,1,0,3476,0,3476
2014-08,453,733,1019,979,2303,1210,1247,1305,1250,5736,2921,5756,10041,9771,7359,1014,98,2,53197,0,53197,424,661,909,902,2084,1076,1156,1196,1155,5190,2698,5327,9455,9341,7003,986,97,2,49662,0,49662,29,72,110,77,219,134,91,109,95,546,223,429,586,430,356,28,1,0,3535,0,3535
2014-09,454,721,1031,968,2356,1193,1229,1315,1243,5673,2898,5712,9977,9814,7370,1020,98,2,53074,0,53074,422,651,919,894,2134,1067,1134,1209,1153,5136,2667,5293,9391,9381,7014,992,97,2,49556,0,49556,32,70,112,74,222,126,95,106,90,537,231,419,586,433,356,28,1,0,3518,0,3518
2014-10,459,722,1025,984,2339,1185,1233,1325,1293,5697,2887,5759,9997,9866,7376,1033,97,2,53279,0,53279,425,655,911,911,2117,1066,1130,1211,1198,5153,2658,5337,9400,9430,7018,1004,96,2,49722,0,49722,34,67,114,73,222,119,103,114,95,544,229,422,597,436,358,29,1,0,3557,0,3557
2014-11,449,718,1033,976,2307,1163,1213,1308,1302,5614,2865,5748,9966,9900,7386,1039,97,2,53086,0,53086,415,652,927,904,2081,1052,1111,1199,1206,5080,2637,5328,9379,9458,7028,1010,96,2,49565,0,49565,34,66,106,72,226,111,102,109,96,534,228,420,587,442,358,29,1,0,3521,0,3521
2014-12,468,740,1061,988,2335,1179,1234,1330,1300,5510,2840,5734,9951,9934,7399,1057,95,98,53253,0,53253,437,666,955,916,2111,1064,1137,1218,1209,4980,2617,5309,9362,9476,7042,1028,94,95,49716,0,49716,31,74,106,72,224,115,97,112,91,530,223,425,589,458,357,29,1,3,3537,0,3537
2015-01,460,744,1079,991,2347,1176,1247,1330,1312,5505,2842,5723,9952,9948,7400,1058,94,100,53308,0,53308,430,675,973,916,2120,1061,1151,1217,1223,4973,2614,5299,9361,9488,7044,1029,93,97,49764,0,49764,30,69,106,75,227,115,96,113,89,532,228,424,591,460,356,29,1,3,3544,0,3544
2015-02,462,766,1078,1003,2329,1180,1254,1308,1312,5478,2824,5732,9940,10001,7417,1058,94,96,53332,0,53332,432,696,973,926,2112,1063,1157,1200,1216,4954,2595,5302,9352,9541,7059,1029,93,91,49791,0,49791,30,70,105,77,217,117,97,108,96,524,229,430,588,460,358,29,1,5,3541,0,3541
2015-03,464,765,1107,1011,2368,1193,1260,1312,1301,5479,2840,5726,9985,10045,7434,1077,93,98,53558,0,53558,429,696,1001,931,2141,1071,1161,1207,1203,4955,2607,5287,9398,9584,7074,1047,92,93,49977,0,49977,35,69,106,80,227,122,99,105,98,524,233,439,587,461,360,30,1,5,3581,0,3581
2015-04,469,754,1112,1009,2340,1216,1251,1312,1324,5433,2814,5695,9992,10080,7434,1085,93,98,53511,0,53511,431,690,1003,927,2132,1090,1152,1209,1225,4919,2590,5252,9407,9617,7073,1055,92,93,49957,0,49957,38,64,109,82,208,126,99,103,99,514,224,443,585,463,361,30,1,5,3554,0,3554
2015-05,492,771,1128,1026,2346,1222,1250,1306,1324,5427,2840,5731,10013,10157,7441,1098,93,95,53760,0,53760,455,703,1022,945,2137,1097,1152,1204,1232,4910,2601,5292,9425,9679,7079,1067,92,90,50182,0,50182,37,68,106,81,209,125,98,102,92,517,239,439,588,478,362,31,1,5,3578,0,3578
2015-06,481,768,1140,1020,2342,1200,1263,1316,1341,5423,2845,5755,10017,10206,7442,1107,92,112,53870,0,53870,448,702,1032,933,2124,1079,1156,1215,1243,4904,2603,5308,9423,9730,7079,1075,91,108,50253,0,50253,33,66,108,87,218,121,107,101,98,519,242,447,594,476,363,32,1,4,3617,0,3617
2015-07,482,769,1142,1012,2299,1199,1234,1287,1336,5374,2818,5720,10040,10246,7425,1122,92,109,53706,0,53706,448,697,1031,921,2092,1078,1131,1190,1245,4870,2584,5272,9441,9775,7063,1089,91,103,50121,0,50121,34,72,111,91,207,121,103,97,91,504,234,448,599,471,362,33,1,6,3585,0,3585
2015-08,482,726,1131,1012,2270,1206,1224,1285,1316,5320,2775,5701,10134,10096,7437,1131,185,106,53537,0,53537,446,657,1009,917,2066,1082,1119,1189,1227,4817,2542,5256,9528,9629,7072,1096,184,100,49936,0,49936,36,69,122,95,204,124,105,96,89,503,233,445,606,467,365,35,1,6,3601,0,3601
2015-09,2370,1013,1364,1187,2111,1032,1168,1321,1935,4792,1843,5474,10173,8815,7443,1142,178,106,53467,0,53467,2252,878,1193,1064,1920,921,1080,1221,1803,4272,1699,5031,9605,8418,7076,1107,178,101,49819,0,49819,118,135,171,123,191,111,88,100,132,520,144,443,568,397,367,35,0,5,3648,0,3648
2015-10,2409,1010,1357,1190,2106,1039,1160,1330,1935,4733,1840,5468,10191,8823,7457,1154,172,97,53471,0,53471,2274,879,1193,1071,1914,931,1076,1229,1807,4217,1698,5033,9622,8428,7091,1118,172,93,49846,0,49846,135,131,164,119,192,108,84,101,128,516,142,435,569,395,366,36,0,4,3625,0,3625
2015-11,2434,1011,1347,1151,2070,1024,1155,1321,1898,4663,1810,5461,10191,8839,7449,1158,153,85,53220,0,53220,2274,890,1188,1034,1876,926,1075,1216,1774,4166,1670,5028,9622,8439,7082,1122,153,80,49615,0,49615,160,121,159,117,194,98,80,105,124,497,140,433,569,400,367,36,0,5,3605,0,3605
2015-12,421,678,1066,961,2075,1197,1216,1295,1298,4961,2818,5630,10126,10503,7456,1164,154,83,53102,0,53102,397,618,969,874,1886,1077,1123,1196,1206,4479,2581,5171,9493,9996,7090,1128,154,78,49516,0,49516,24,60,97,87,189,120,93,99,92,482,237,459,633,507,366,36,0,5,3586,0,3586
2016-01,417,687,1059,972,2081,1193,1207,1293,1317,4898,2791,5584,10097,10508,7460,1173,154,81,52972,0,52972,391,624,954,885,1891,1071,1110,1193,1225,4423,2556,5137,9463,9995,7095,1135,154,77,49379,0,49379,26,63,105,87,190,122,97,100,92,475,235,447,634,513,365,38,0,4,3593,0,3593
2016-02,445,695,1072,992,2066,1242,1216,1259,1333,4875,2784,5601,10113,10604,7468,1177,151,79,53172,0,53172,419,634,959,897,1859,1113,1120,1167,1239,4402,2544,5160,9471,10081,7101,1138,151,75,49530,0,49530,26,61,113,95,207,129,96,92,94,473,240,441,642,523,367,39,0,4,3642,0,3642
2016-03,470,716,1134,1007,2153,1262,1221,1316,1356,4953,2809,5644,10156,10703,7497,1187,149,79,53812,0,53812,439,649,1010,908,1938,1134,1118,1214,1257,4469,2564,5194,9507,10161,7130,1146,149,75,50062,0,50062,31,67,124,99,215,128,103,102,99,484,245,450,649,542,367,41,0,4,3750,0,3750
2016-04,470,712,1129,988,2149,1258,1219,1299,1338,4907,2772,5640,10191,10736,7506,1196,145,80,53735,0,53735,434,647,1010,886,1928,1130,1110,1202,1240,4413,2530,5184,9547,10191,7139,1155,145,76,49967,0,49967,36,65,119,102,221,128,109,97,98,494,242,456,644,545,367,41,0,4,3768,0,3768
2016-05,460,724,1103,955,2153,1260,1217,1293,1341,4877,2788,5645,10194,10800,7516,1208,144,84,53762,0,53762,426,657,985,858,1923,1134,1107,1193,1249,4389,2544,5194,9558,10251,7150,1166,144,81,50009,0,50009,34,67,118,97,230,126,110,100,92,488,244,451,636,549,366,42,0,3,3753,0,3753
2016-06,479,730,1088,968,2149,1260,1213,1324,1351,4913,2788,5685,10215,10874,7524,1224,145,96,54026,0,54026,447,668,971,868,1925,1133,1099,1216,1257,4415,2544,5246,9566,10323,7155,1180,145,94,50252,0,50252,32,62,117,100,224,127,114,108,94,498,244,439,649,551,369,44,0,2,3774,0,3774
2016-07,453,738,1073,947,2178,1254,1212,1340,1352,4871,2781,5669,10219,10900,7532,1233,143,96,53991,0,53991,422,677,959,847,1955,1123,1105,1232,1260,4386,2548,5230,9573,10346,7163,1189,143,94,50252,0,50252,31,61,114,100,223,131,107,108,92,485,233,439,646,554,369,44,0,2,3739,0,3739
2016-08,438,749,1091,970,2184,1266,1216,1347,1333,4822,2787,5682,10255,10934,7536,1238,139,104,54091,0,54091,404,685,975,873,1960,1135,1103,1238,1250,4340,2553,5252,9603,10367,7168,1194,139,102,50341,0,50341,34,64,116,97,224,131,113,109,83,482,234,430,652,567,368,44,0,2,3750,0,3750
2016-09,455,727,1101,977,2212,1255,1213,1332,1322,4836,2789,5709,10262,11000,7535,1257,137,99,54218,0,54218,420,663,979,881,1976,1129,1103,1224,1237,4355,2556,5285,9619,10430,7166,1212,137,97,50469,0,50469,35,64,122,96,236,126,110,108,85,481,233,424,643,570,369,45,0,2,3749,0,3749
2016-10,473,736,1112,982,2241,1282,1223,1352,1330,4773,2793,5765,10308,11081,7540,1267,135,96,54489,0,54489,439,668,982,881,2002,1147,1117,1244,1244,4293,2561,5324,9658,10495,7172,1222,135,93,50677,0,50677,34,68,130,101,239,135,106,108,86,480,232,441,650,586,368,45,0,3,3812,0,3812
2016-11,479,736,1116,963,2253,1265,1219,1335,1316,4761,2792,5774,10336,11100,7552,1277,134,97,54505,0,54505,442,671,986,870,2000,1132,1113,1230,1234,4281,2554,5333,9681,10507,7188,1232,134,93,50681,0,50681,37,65,130,93,253,133,106,105,82,480,238,441,655,593,364,45,0,4,3824,0,3824
2016-12,483,719,1112,964,2247,1245,1214,1299,1305,4693,2752,5750,10308,11149,7571,1285,133,88,54317,0,54317,451,663,972,869,1996,1114,1111,1194,1225,4220,2532,5317,9660,10554,7206,1240,133,85,50542,0,50542,32,56,140,95,251,131,103,105,80,473,220,433,648,595,365,45,0,3,3775,0,3775
2017-01,480,723,1115,952,2230,1246,1215,1316,1292,4699,2760,5744,10268,11171,7581,1288,131,84,54295,0,54295,450,670,965,853,1989,1109,1115,1206,1211,4224,2538,5311,9625,10570,7219,1243,131,81,50510,0,50510,30,53,150,99,241,137,100,110,81,475,222,433,643,601,362,45,0,3,3785,0,3785
2017-02,475,728,1100,925,2237,1249,1215,1294,1283,4656,2762,5750,10252,11166,7596,1291,133,94,54206,0,54206,439,674,964,825,1994,1123,1121,1182,1200,4191,2544,5310,9604,10564,7233,1246,133,91,50438,0,50438,36,54,136,100,243,126,94,112,83,465,218,440,648,602,363,45,0,3,3768,0,3768
2017-03,486,728,1121,941,2232,1248,1242,1289,1292,4702,2780,5796,10281,11275,7609,1304,131,96,54553,0,54553,448,669,974,846,1994,1124,1141,1178,1209,4235,2552,5344,9632,10666,7245,1258,131,94,50740,0,50740,38,59,147,95,238,124,101,111,83,467,228,452,649,609,364,46,0,2,3813,0,3813
2017-04,503,728,1094,932,2236,1229,1237,1300,1289,4645,2756,5810,10296,11311,7611,1310,129,94,54510,0,54510,464,668,946,839,2004,1100,1134,1181,1205,4194,2534,5359,9639,10699,7248,1264,129,93,50700,0,50700,39,60,148,93,232,129,103,119,84,451,222,451,657,612,363,46,0,1,3810,0,3810
2017-05,498,731,1122,917,2232,1224,1238,1290,1300,4605,2763,5809,10316,11390,7621,1314,126,94,54590,0,54590,462,668,971,823,1998,1096,1131,1179,1214,4137,2534,5364,9658,10768,7259,1268,126,93,50749,0,50749,36,63,151,94,234,128,107,111,86,468,229,445,658,622,362,46,0,1,3841,0,3841
2017-06,504,725,1142,935,2249,1229,1243,1307,1315,4602,2784,5821,10336,11459,7642,1324,131,99,54847,0,54847,468,664,1000,843,2020,1104,1137,1193,1222,4126,2551,5381,9682,10832,7276,1277,131,98,51005,0,51005,36,61,142,92,229,125,106,114,93,476,233,440,654,627,366,47,0,1,3842,0,3842
2017-07,507,734,1136,931,2226,1204,1234,1307,1336,4529,2751,5791,10329,11493,7651,1334,127,95,54715,0,54715,477,668,994,842,2010,1083,1119,1192,1236,4054,2521,5352,9668,10865,7283,1287,127,94,50872,0,50872,30,66,142,89,216,121,115,115,100,475,230,439,661,628,368,47,0,1,3843,0,3843
2017-08,494,740,1133,934,2161,1166,1252,1318,1343,4449,2718,5765,10320,11576,7643,1332,127,98,54569,0,54569,461,672,987,844,1952,1057,1134,1203,1249,3984,2490,5321,9648,10948,7276,1285,127,96,50734,0,50734,33,68,146,90,209,109,118,115,94,465,228,444,672,628,367,47,0,2,3835,0,3835
2017-09,485,750,1092,928,2161,1156,1245,1303,1330,4438,2701,5748,10321,11605,7646,1340,127,94,54470,0,54470,451,685,950,837,1942,1051,1129,1190,1239,3976,2469,5301,9648,10981,7279,1292,127,92,50639,0,50639,34,65,142,91,219,105,116,113,91,462,232,447,673,624,367,48,0,2,3831,0,3831
2017-10,3614,937,1326,1109,2375,1325,1370,1404,1412,4526,2747,5837,10402,11367,3729,718,97,85,54380,0,54380,3414,869,1170,1011,2141,1219,1250,1287,1325,4073,2513,5390,9730,10746,3546,681,97,84,50546,0,50546,200,68,156,98,234,106,120,117,87,453,234,447,672,621,183,37,0,1,3834,0,3834
2017-11,3643,946,1318,1104,2388,1327,1361,1379,1427,4533,2738,5861,10410,11428,3726,735,95,88,54507,0,54507,3443,875,1165,1006,2162,1219,1238,1269,1341,4089,2506,5412,9739,10802,3545,698,94,85,50688,0,50688,200,71,153,98,226,108,123,110,86,444,232,449,671,626,181,37,1,3,3819,0,3819
2017-12,483,774,1111,926,2190,1171,1257,1279,1373,4356,2616,5723,10279,11710,7696,1377,122,84,54527,0,54527,447,703,966,834,1963,1066,1136,1167,1285,3936,2383,5285,9617,11076,7323,1328,122,82,50719,0,50719,36,71,145,92,227,105,121,112,88,420,233,438,662,634,373,49,0,2,3808,0,3808
2018-01,491,764,1102,907,2168,1154,1264,1265,1354,4276,2562,5653,10211,11684,7700,1381,119,91,54146,0,54146,450,696,949,819,1944,1044,1152,1156,1269,3859,2329,5216,9561,11049,7326,1333,119,88,50359,0,50359,41,68,153,88,224,110,112,109,85,417,233,437,650,635,374,48,0,3,3787,0,3787
2018-02,513,775,1117,950,2164,1131,1249,1266,1338,4245,2563,5694,10209,11732,7715,1388,119,89,54257,0,54257,476,703,963,853,1948,1008,1135,1158,1250,3817,2331,5256,9556,11097,7340,1339,119,87,50436,0,50436,37,72,154,97,216,123,114,108,88,428,232,438,653,635,375,49,0,2,3821,0,3821
2018-03,532,813,1159,984,2225,1146,1282,1295,1357,4304,2569,5677,10291,11857,7738,1404,119,95,54847,0,54847,490,737,996,886,1989,1022,1166,1176,1272,3873,2330,5236,9631,11205,7361,1355,119,93,50937,0,50937,42,76,163,98,236,124,116,119,85,431,239,441,660,652,377,49,0,2,3910,0,3910
2018-04,4293,1013,1404,1185,2464,1323,1388,1376,1425,4423,2649,5710,10412,11637,3210,717,94,92,54815,0,54815,4057,929,1240,1084,2216,1185,1273,1264,1335,4001,2403,5262,9745,10990,3044,683,93,90,50894,0,50894,236,84,164,101,248,138,115,112,90,422,246,448,667,647,166,34,1,2,3921,0,3921
2018-05,527,831,1171,1016,2244,1168,1274,1304,1361,4307,2519,5620,10291,12007,7750,1429,112,95,55026,0,55026,486,749,1017,915,2005,1025,1154,1190,1267,3880,2281,5172,9631,11347,7375,1380,112,93,51079,0,51079,41,82,154,101,239,143,120,114,94,427,238,448,660,660,375,49,0,2,3947,0,3947
2018-06,532,853,1193,1027,2239,1171,1240,1313,1351,4287,2489,5577,10289,12072,7757,1443,101,80,55014,0,55014,491,767,1032,914,2002,1026,1131,1194,1265,3864,2260,5133,9625,11412,7385,1393,101,79,51074,0,51074,41,86,161,113,237,145,109,119,86,423,229,444,664,660,372,50,0,1,3940,0,3940
2018-07,540,845,1197,1045,2225,1166,1245,1298,1380,4214,2474,5531,10250,12069,7758,1449,99,75,54860,0,54860,496,751,1030,926,1992,1034,1138,1185,1293,3807,2240,5090,9584,11405,7388,1399,99,74,50931,0,50931,44,94,167,119,233,132,107,113,87,407,234,441,666,664,370,50,0,1,3929,0,3929
2018-08,536,847,1198,1039,2242,1168,1223,1295,1365,4201,2465,5513,10177,12105,7756,1456,98,80,54764,0,54764,489,755,1041,920,1993,1041,1124,1185,1275,3795,2229,5072,9513,11435,7384,1405,98,79,50833,0,50833,47,92,157,119,249,127,99,110,90,406,236,441,664,670,372,51,0,1,3931,0,3931
2018-09,528,873,1208,1033,2248,1180,1200,1285,1360,4209,2467,5489,10177,12114,7748,1472,97,77,54765,0,54765,484,777,1050,911,2001,1053,1103,1183,1272,3805,2223,5061,9506,11446,7376,1421,97,76,50845,0,50845,44,96,158,122,247,127,97,102,88,404,244,428,671,668,372,51,0,1,3920,0,3920
2018-10,504,857,1221,1044,2285,1186,1187,1309,1362,4222,2481,5483,10160,12157,7750,1483,95,74,54860,0,54860,462,770,1067,920,2025,1061,1086,1205,1269,3818,2233,5073,9494,11485,7379,1430,95,71,50943,0,50943,42,87,154,124,260,125,101,104,93,404,248,410,666,672,371,53,0,3,3917,0,3917
2018-11,513,863,1211,1044,2266,1189,1192,1282,1372,4176,2511,5507,10155,12182,7753,1499,91,75,54881,0,54881,473,775,1058,922,2007,1062,1090,1184,1275,3774,2254,5090,9484,11510,7382,1444,91,73,50948,0,50948,40,88,153,122,259,127,102,98,97,402,257,417,671,672,371,55,0,2,3933,0,3933
2018-12,515,865,1203,1039,2258,1192,1203,1284,1365,4172,2499,5492,10159,12185,7759,1512,90,78,54870,0,54870,468,777,1056,915,2000,1059,1103,1187,1267,3766,2256,5078,9490,11509,7386,1457,90,73,50937,0,50937,47,88,147,124,258,133,100,97,98,406,243,414,669,676,373,55,0,5,3933,0,3933
2019-01,519,861,1187,1031,2216,1207,1187,1271,1345,4166,2495,5467,10134,12166,7766,1515,91,80,54704,0,54704,472,777,1050,906,1963,1077,1085,1176,1250,3753,2253,5055,9467,11488,7394,1460,91,75,50792,0,50792,47,84,137,125,253,130,102,95,95,413,242,412,667,678,372,55,0,5,3912,0,3912
2019-02,566,884,1224,1042,2198,1211,1200,1260,1348,4112,2490,5473,10150,12216,7765,1529,90,82,54840,0,54840,514,797,1071,911,1954,1081,1089,1164,1257,3693,2253,5062,9488,11533,7393,1474,90,77,50901,0,50901,52,87,153,131,244,130,111,96,91,419,237,411,662,683,372,55,0,5,3939,0,3939
2019-03,574,889,1238,1046,2190,1195,1191,1258,1362,4120,2524,5510,10177,12232,7790,1546,90,71,55003,0,55003,521,798,1081,913,1954,1074,1087,1155,1267,3697,2290,5100,9504,11548,7417,1491,90,67,51054,0,51054,53,91,157,133,236,121,104,103,95,423,234,410,673,684,373,55,0,4,3949,0,3949
2019-04,579,888,1259,1051,2154,1215,1203,1253,1380,4083,2539,5533,10155,12238,7800,1559,89,72,55050,0,55050,527,802,1099,920,1922,1095,1097,1149,1281,3668,2311,5119,9479,11555,7424,1504,89,68,51109,0,51109,52,86,160,131,232,120,106,104,99,415,228,414,676,683,376,55,0,4,3941,0,3941
2019-05,584,879,1269,1054,2150,1227,1191,1284,1343,4090,2524,5530,10152,12295,7805,1573,88,69,55107,0,55107,525,793,1102,925,1916,1102,1085,1177,1249,3676,2292,5111,9467,11603,7431,1518,87,65,51124,0,51124,59,86,167,129,234,125,106,107,94,414,232,419,685,692,374,55,1,4,3983,0,3983
2019-06,588,884,1301,1047,2125,1220,1172,1249,1347,4052,2534,5497,10160,12332,7800,1582,87,70,55047,0,55047,531,800,1131,925,1895,1096,1073,1146,1255,3628,2303,5073,9468,11642,7426,1526,86,66,51070,0,51070,57,84,170,122,230,124,99,103,92,424,231,424,692,690,374,56,1,4,3977,0,3977
2019-07,589,894,1338,1108,2166,1238,1171,1250,1358,4047,2520,5487,10157,12376,7801,1590,85,71,55246,0,55246,537,807,1168,984,1931,1115,1072,1144,1263,3626,2286,5067,9467,11680,7426,1534,84,67,51258,0,51258,52,87,170,124,235,123,99,106,95,421,234,420,690,696,375,56,1,4,3988,0,3988
2019-08,586,913,1360,1111,2154,1239,1175,1240,1352,3970,2474,5456,10125,12394,7799,1594,86,68,55096,0,55096,533,819,1184,983,1914,1110,1071,1136,1260,3547,2249,5033,9425,11692,7425,1538,85,65,51069,0,51069,53,94,176,128,240,129,104,104,92,423,225,423,700,702,374,56,1,3,4027,0,4027
2019-09,585,897,1368,1144,2159,1288,1205,1254,1358,3994,2489,5455,10198,12463,7777,1608,85,73,55400,0,55400,533,805,1190,1010,1929,1160,1099,1148,1273,3573,2265,5035,9491,11754,7404,1552,84,71,51376,0,51376,52,92,178,134,230,128,106,106,85,421,224,420,707,709,373,56,1,2,4024,0,4024
2019-10,607,894,1405,1159,2171,1271,1219,1278,1354,3968,2505,5471,10242,12537,7775,1618,86,78,55638,0,55638,556,804,1220,1024,1952,1141,1108,1179,1267,3553,2268,5029,9531,11829,7399,1561,85,76,51582,0,51582,51,90,185,135,219,130,111,99,87,415,237,442,711,708,376,57,1,2,4056,0,4056
2019-11,586,914,1436,1170,2174,1286,1211,1269,1368,4008,2477,5462,10268,12629,7793,1628,83,72,55834,0,55834,543,819,1245,1041,1953,1148,1098,1174,1279,3589,2248,5019,9564,11919,7414,1570,82,68,51773,0,51773,43,95,191,129,221,138,113,95,89,419,229,443,704,710,379,58,1,4,4061,0,4061
2019-12,611,908,1429,1153,2154,1272,1199,1278,1345,3973,2439,5400,10226,12594,7786,1635,83,71,55556,0,55556,564,817,1239,1023,1936,1141,1090,1178,1253,3566,2213,4966,9518,11883,7405,1577,82,68,51519,0,51519,47,91,190,130,218,131,109,100,92,407,226,434,708,711,381,58,1,3,4037,0,4037
2020-01,598,894,1424,1132,2101,1265,1174,1268,1332,3936,2408,5357,10171,12585,7793,1636,76,68,55218,0,55218,554,802,1236,1007,1878,1135,1077,1172,1240,3525,2191,4934,9473,11876,7411,1578,75,64,51228,0,51228,44,92,188,125,223,130,97,96,92,411,217,423,698,709,382,58,1,4,3990,0,3990
2020-02,594,891,1434,1119,2105,1264,1179,1263,1335,3954,2391,5328,10154,12618,7807,1646,78,61,55221,0,55221,553,805,1250,995,1888,1132,1080,1168,1243,3537,2184,4911,9458,11913,7425,1588,77,57,51264,0,51264,41,86,184,124,217,132,99,95,92,417,207,417,696,705,382,58,1,4,3957,0,3957
2020-03,584,873,1391,1101,2100,1242,1179,1254,1316,3903,2367,5321,10142,12642,7817,1655,78,60,55025,0,55025,542,790,1206,993,1887,1114,1081,1157,1226,3491,2155,4918,9442,11940,7435,1597,77,57,51108,0,51108,42,83,185,108,213,128,98,97,90,412,212,403,700,702,382,58,1,3,3917,0,3917
2020-04,507,809,1316,1041,1963,1171,1081,1171,1240,3752,2289,5219,9950,12549,7799,1659,78,54,53648,0,53648,471,742,1139,943,1764,1057,992,1082,1158,3365,2086,4834,9285,11854,7420,1601,77,51,49921,0,49921,36,67,177,98,199,114,89,89,82,387,203,385,665,695,379,58,1,3,3727,0,3727
2020-05,444,700,1172,950,1791,1083,1009,1097,1183,3558,2182,5046,9769,12439,7775,1660,78,50,51986,0,51986,416,645,1042,860,1628,976,933,1013,1104,3194,1988,4683,9129,11759,7400,1602,77,47,48496,0,48496,28,55,130,90,163,107,76,84,79,364,194,363,640,680,375,58,1,3,3490,0,3490
2020-06,433,689,1127,926,1757,1049,988,1063,1137,3479,2134,4932,9631,12343,7743,1659,78,51,51219,0,51219,404,630,996,837,1593,944,917,980,1057,3116,1954,4571,9004,11674,7370,1601,77,48,47773,0,47773,29,59,131,89,164,105,71,83,80,363,180,361,627,669,373,58,1,3,3446,0,3446
2020-07,435,677,1107,909,1702,1013,966,1029,1107,3375,2094,4800,9500,12238,7720,1658,77,45,50452,0,50452,407,610,986,827,1546,915,895,949,1030,3012,1916,4454,8884,11566,7348,1600,76,42,47063,0,47063,28,67,121,82,156,98,71,80,77,363,178,346,616,672,372,58,1,3,3389,0,3389
2020-08,436,668,1080,899,1651,1012,940,1035,1082,3282,2030,4723,9387,12170,7694,1653,76,36,49854,0,49854,409,599,961,820,1499,918,869,954,1009,2933,1863,4376,8784,11502,7323,1595,75,35,46524,0,46524,27,69,119,79,152,94,71,81,73,349,167,347,603,668,371,58,1,1,3330,0,3330
2020-09,443,658,1058,894,1622,1002,946,1027,1070,3208,2022,4626,9285,12076,7671,1651,76,36,49371,0,49371,417,598,937,813,1471,909,869,955,994,2875,1853,4285,8688,11410,7303,1593,75,35,46080,0,46080,26,60,121,81,151,93,77,72,76,333,169,341,597,666,368,58,1,1,3291,0,3291
2020-10,448,645,1004,868,1526,954,912,1007,1035,3086,1980,4500,9094,11971,7654,1647,72,36,48439,0,48439,419,589,895,786,1382,879,840,931,962,2770,1810,4176,8515,11312,7285,1589,71,36,45247,0,45247,29,56,109,82,144,75,72,76,73,316,170,324,579,659,369,58,1,0,3192,0,3192
2020-11,448,632,1009,856,1511,939,902,1000,1015,3053,1945,4479,9030,11930,7640,1644,73,32,48138,0,48138,420,573,899,773,1370,858,831,925,948,2741,1780,4154,8463,11275,7272,1586,72,32,44972,0,44972,28,59,110,83,141,81,71,75,67,312,165,325,567,655,368,58,1,0,3166,0,3166
2020-12,452,604,999,867,1471,934,905,975,1003,2981,1923,4374,8946,11895,7632,1644,72,32,47709,0,47709,426,556,883,794,1335,856,840,905,935,2673,1764,4064,8375,11238,7264,1586,71,32,44597,0,44597,26,48,116,73,136,78,65,70,68,308,159,310,571,657,368,58,1,0,3112,0,3112
2021-01,444,602,973,852,1432,905,891,965,992,2857,1872,4278,8818,11781,7626,1642,72,31,47033,0,47033,416,557,871,777,1294,833,824,892,929,2564,1721,3984,8261,11140,7260,1584,71,31,44009,0,44009,28,45,102,75,138,72,67,73,63,293,151,294,557,641,366,58,1,0,3024,0,3024
2021-02,446,595,947,836,1417,899,879,947,981,2807,1830,4193,8683,11735,7597,1641,72,31,46536,0,46536,417,550,851,763,1281,830,812,871,922,2528,1679,3908,8142,11102,7231,1583,71,31,43572,0,43572,29,45,96,73,136,69,67,76,59,279,151,285,541,633,366,58,1,0,2964,0,2964
2021-03,474,591,949,835,1372,892,876,943,984,2752,1818,4169,8631,11703,7582,1641,74,29,46315,0,46315,437,540,846,765,1238,824,819,870,924,2480,1673,3880,8099,11071,7218,1583,73,29,43369,0,43369,37,51,103,70,134,68,57,73,60,272,145,289,532,632,364,58,1,0,2946,0,2946
2021-04,503,576,958,832,1407,883,852,939,992,2724,1778,4159,8621,11714,7555,1639,40,29,46201,0,46201,464,526,860,761,1271,813,792,867,933,2450,1632,3872,8089,11089,7192,1581,39,29,43260,0,43260,39,50,98,71,136,70,60,72,59,274,146,287,532,625,363,58,1,0,2941,0,2941
2021-05,501,586,955,827,1443,880,845,946,1013,2706,1795,4168,8641,11734,7550,1646,40,26,46302,0,46302,464,535,864,766,1308,809,785,876,951,2440,1641,3880,8113,11108,7187,1588,39,26,43380,0,43380,37,51,91,61,135,71,60,70,62,266,154,288,528,626,363,58,1,0,2922,0,2922
2021-06,501,604,974,835,1417,899,867,966,1035,2719,1807,4181,8706,11802,7551,1653,40,29,46586,0,46586,467,555,877,777,1279,825,804,887,974,2464,1647,3892,8166,11174,7188,1595,39,29,43639,0,43639,34,49,97,58,138,74,63,79,61,255,160,289,540,628,363,58,1,0,2947,0,2947
2021-07,522,590,950,847,1419,901,851,977,1052,2702,1793,4197,8742,11821,7546,1663,39,26,46638,0,46638,482,542,855,783,1277,835,788,893,986,2454,1632,3895,8195,11192,7182,1603,38,26,43658,0,43658,40,48,95,64,142,66,63,84,66,248,161,302,547,629,364,60,1,0,2980,0,2980
2021-08,526,596,927,852,1434,907,860,981,1053,2679,1789,4185,8747,11849,7542,1671,39,29,46666,0,46666,483,553,835,790,1293,833,794,896,988,2437,1630,3885,8193,11218,7178,1611,38,29,43684,0,43684,43,43,92,62,141,74,66,85,65,242,159,300,554,631,364,60,1,0,2982,0,2982
2021-09,522,594,935,837,1460,907,870,1005,1055,2687,1771,4152,8739,11875,7548,1675,38,32,46702,0,46702,482,550,841,777,1316,828,802,920,996,2455,1616,3849,8177,11239,7182,1616,37,32,43715,0,43715,40,44,94,60,144,79,68,85,59,232,155,303,562,636,366,59,1,0,2987,0,2987
2021-10,529,619,970,843,1470,912,858,1004,1057,2702,1756,4172,8724,11883,7531,1678,38,34,46780,0,46780,486,566,874,783,1331,829,784,916,1001,2449,1611,3861,8153,11255,7165,1620,37,34,43755,0,43755,43,53,96,60,139,83,74,88,56,253,145,311,571,628,366,58,1,0,3025,0,3025
2021-11,527,602,961,859,1486,920,868,1012,1060,2737,1743,4154,8762,11924,7518,1687,38,34,46892,0,46892,488,552,869,796,1351,838,795,919,1002,2484,1599,3838,8183,11294,7152,1629,37,34,43860,0,43860,39,50,92,63,135,82,73,93,58,253,144,316,579,630,366,58,1,0,3032,0,3032
2021-12,516,601,960,856,1503,910,870,1026,1055,2762,1754,4167,8805,11938,7534,1696,38,29,47020,0,47020,481,552,866,796,1362,827,804,935,1002,2514,1608,3855,8218,11298,7167,1637,37,29,43988,0,43988,35,49,94,60,141,83,66,91,53,248,146,312,587,640,367,59,1,0,3032,0,3032
2022-01,494,605,943,846,1486,900,849,1002,1045,2697,1724,4104,8742,11937,7534,1698,38,25,46669,0,46669,462,557,850,783,1352,820,781,909,989,2453,1578,3803,8162,11287,7168,1640,37,24,43655,0,43655,32,48,93,63,134,80,68,93,56,244,146,301,580,650,366,58,1,1,3014,0,3014
2022-02,478,607,956,822,1480,908,862,1022,1043,2695,1761,4095,8750,11950,7544,1709,38,23,46743,0,46743,444,559,860,766,1352,829,794,928,989,2446,1612,3793,8155,11302,7176,1651,37,22,43715,0,43715,34,48,96,56,128,79,68,94,54,249,149,302,595,648,368,58,1,1,3028,0,3028
2022-03,485,612,963,833,1508,913,885,1023,1071,2724,1781,4108,8773,12032,7550,1728,38,23,47050,0,47050,453,561,862,770,1362,834,815,927,1017,2462,1628,3803,8166,11374,7179,1669,37,21,43940,0,43940,32,51,101,63,146,79,70,96,54,262,153,305,607,658,371,59,1,2,3110,0,3110
2022-04,455,622,956,834,1516,927,883,1035,1090,2747,1796,4137,8795,12088,7553,1733,38,22,47227,0,47227,428,563,862,772,1362,843,812,937,1031,2489,1644,3821,8194,11426,7180,1674,37,20,44095,0,44095,27,59,94,62,154,84,71,98,59,258,152,316,601,662,373,59,1,2,3132,0,3132
2022-05,465,646,955,816,1566,932,898,1068,1117,2785,1824,4162,8827,12205,7584,1745,38,22,47655,0,47655,434,590,861,748,1393,850,820,969,1055,2505,1672,3851,8226,11531,7209,1686,37,20,44457,0,44457,31,56,94,68,173,82,78,99,62,280,152,311,601,674,375,59,1,2,3198,0,3198
2022-06,468,626,924,803,1598,973,899,1050,1107,2802,1818,4198,8897,12235,7597,1760,38,22,47815,0,47815,438,567,834,729,1408,889,823,951,1036,2523,1661,3878,8283,11556,7222,1701,37,19,44555,0,44555,30,59,90,74,190,84,76,99,71,279,157,320,614,679,375,59,1,3,3260,0,3260
2022-07,474,623,929,801,1585,972,902,1050,1107,2816,1803,4197,8867,12238,7595,1768,38,30,47795,0,47795,444,569,835,726,1404,888,826,956,1032,2533,1655,3874,8268,11559,7222,1709,37,26,44563,0,44563,30,54,94,75,181,84,76,94,75,283,148,323,599,679,373,59,1,4,3232,0,3232
2022-08,449,610,918,819,1598,968,913,1054,1132,2825,1779,4232,8901,12268,7597,1781,38,35,47917,0,47917,418,553,824,737,1424,882,835,954,1056,2533,1636,3905,8292,11586,7223,1722,37,32,44649,0,44649,31,57,94,82,174,86,78,100,76,292,143,327,609,682,374,59,1,3,3268,0,3268
2022-09,457,630,891,799,1614,969,928,1036,1143,2832,1754,4204,8957,12307,7613,1788,38,37,47997,0,47997,424,572,812,720,1433,884,853,944,1067,2539,1615,3867,8329,11626,7241,1729,37,34,44726,0,44726,33,58,79,79,181,85,75,92,76,293,139,337,628,681,372,59,1,3,3271,0,3271
2022-10,470,638,904,767,1617,958,959,1026,1137,2887,1790,4229,8971,12363,7620,1803,38,39,48216,0,48216,438,578,818,691,1433,868,880,932,1058,2590,1646,3899,8340,11677,7245,1743,37,36,44909,0,44909,32,60,86,76,184,90,79,94,79,297,144,330,631,686,375,60,1,3,3307,0,3307
2022-11,474,640,891,781,1622,956,958,1034,1145,2904,1799,4280,8971,12430,7626,1812,38,45,48406,0,48406,440,581,806,699,1446,874,879,934,1066,2606,1659,3936,8334,11737,7251,1751,37,41,45077,0,45077,34,59,85,82,176,82,79,100,79,298,140,344,637,693,375,61,1,4,3329,0,3329
2022-12,476,662,889,788,1616,962,968,1023,1161,2916,1792,4282,8979,12475,7643,1819,38,43,48532,0,48532,442,602,796,709,1441,881,891,927,1082,2605,1652,3935,8340,11782,7268,1757,37,38,45185,0,45185,34,60,93,79,175,81,77,96,79,311,140,347,639,693,375,62,1,5,3347,0,3347
2023-01,476,660,913,789,1599,961,961,1027,1138,2911,1797,4299,9007,12483,7648,1821,38,39,48567,0,48567,443,601,811,715,1433,881,882,933,1067,2601,1651,3954,8360,11788,7273,1758,37,35,45223,0,45223,33,59,102,74,166,80,79,94,71,310,146,345,647,695,375,63,1,4,3344,0,3344
2023-02,487,663,919,796,1596,966,956,1041,1143,2918,1795,4307,9039,12574,7672,1839,38,36,48785,0,48785,456,599,810,717,1437,882,880,948,1070,2601,1657,3961,8386,11875,7295,1776,37,32,45419,0,45419,31,64,109,79,159,84,76,93,73,317,138,346,653,699,377,63,1,4,3366,0,3366
2023-03,511,677,929,794,1633,945,957,1051,1161,2992,1847,4397,9114,12661,7675,1846,38,41,49269,0,49269,473,612,814,718,1476,854,880,953,1085,2675,1709,4032,8449,11949,7296,1783,37,37,45832,0,45832,38,65,115,76,157,91,77,98,76,317,138,365,665,712,379,63,1,4,3437,0,3437
2023-04,492,673,928,773,1627,955,957,1028,1157,3042,1830,4419,9131,12711,7682,1858,38,36,49337,0,49337,460,602,804,697,1468,861,878,937,1088,2707,1688,4052,8465,11985,7302,1794,37,31,45856,0,45856,32,71,124,76,159,94,79,91,69,335,142,367,666,726,380,64,1,5,3481,0,3481
2023-05,448,639,913,734,1589,925,937,1013,1166,3036,1813,4413,9211,12804,7706,1875,38,37,49297,0,49297,424,576,788,665,1426,821,866,925,1093,2703,1671,4038,8531,12063,7326,1811,37,33,45797,0,45797,24,63,125,69,163,104,71,88,73,333,142,375,680,741,380,64,1,4,3500,0,3500
2023-06,453,636,925,726,1612,914,954,1022,1176,3060,1807,4425,9233,12887,7708,1896,38,41,49513,0,49513,424,569,797,664,1450,818,871,934,1101,2725,1671,4040,8558,12142,7327,1832,37,36,45996,0,45996,29,67,128,62,162,96,83,88,75,335,136,385,675,745,381,64,1,5,3517,0,3517
2023-07,461,631,937,711,1591,922,954,1011,1168,3051,1802,4421,9170,12890,7723,1908,38,40,49429,0,49429,431,566,806,646,1423,826,869,924,1096,2716,1671,4043,8501,12142,7337,1844,37,35,45913,0,45913,30,65,131,65,168,96,85,87,72,335,131,378,669,748,386,64,1,5,3516,0,3516
2023-08,465,643,941,748,1580,933,962,1005,1185,3073,1826,4476,9142,12938,7740,1925,38,45,49665,0,49665,439,578,807,675,1406,831,875,920,1106,2740,1696,4089,8472,12187,7353,1861,37,39,46111,0,46111,26,65,134,73,174,102,87,85,79,333,130,387,670,751,387,64,1,6,3554,0,3554
2023-09,488,644,944,744,1612,936,963,981,1173,3096,1844,4493,9165,13025,7760,1932,38,45,49883,0,49883,456,582,797,673,1441,831,872,897,1102,2759,1707,4104,8481,12266,7373,1868,37,40,46286,0,46286,32,62,147,71,171,105,91,84,71,337,137,389,684,759,387,64,1,5,3597,0,3597
2023-10,481,642,961,762,1618,963,964,998,1209,3147,1862,4543,9244,13108,7774,1937,38,47,50298,0,50298,447,586,811,697,1458,857,866,910,1135,2809,1724,4165,8554,12341,7385,1873,37,42,46697,0,46697,34,56,150,65,160,106,98,88,74,338,138,378,690,767,389,64,1,5,3601,0,3601
2023-11,477,644,953,751,1651,969,977,1011,1210,3176,1889,4552,9307,13207,7792,1965,37,48,50616,0,50616,444,585,804,684,1494,863,877,926,1129,2838,1746,4161,8607,12424,7401,1901,36,43,46963,0,46963,33,59,149,67,157,106,100,85,81,338,143,391,700,783,391,64,1,5,3653,0,3653
2023-12,478,635,968,748,1656,941,986,1009,1201,3157,1905,4570,9315,13233,7805,1979,37,51,50674,0,50674,447,571,823,684,1492,836,884,926,1121,2815,1755,4185,8607,12441,7414,1913,36,47,46997,0,46997,31,64,145,64,164,105,102,83,80,342,150,385,708,792,391,66,1,4,3677,0,3677
2024-01,472,617,951,749,1636,951,966,1010,1193,3190,1901,4574,9308,13306,7806,1984,37,44,50695,0,50695,438,556,819,683,1477,844,867,928,1115,2842,1753,4178,8596,12509,7414,1917,36,41,47013,0,47013,34,61,132,66,159,107,99,82,78,348,148,396,712,797,392,67,1,3,3682,0,3682
2024-02,470,611,947,745,1643,926,962,1015,1188,3246,1900,4562,9313,13349,7832,1995,37,38,50779,0,50779,433,554,808,673,1484,823,858,930,1117,2894,1747,4167,8604,12552,7435,1927,36,36,47078,0,47078,37,57,139,72,159,103,104,85,71,352,153,395,709,797,397,68,1,2,3701,0,3701
2024-03,469,586,932,753,1650,925,973,1020,1204,3235,1914,4605,9385,13404,7850,2021,35,41,51002,0,51002,427,526,801,684,1489,816,868,935,1133,2892,1758,4212,8660,12587,7451,1953,34,39,47265,0,47265,42,60,131,69,161,109,105,85,71,343,156,393,725,817,399,68,1,2,3737,0,3737
2024-04,463,596,947,754,1659,934,962,1024,1207,3257,1918,4650,9433,13480,7872,2031,34,45,51266,0,51266,419,539,810,682,1498,823,859,938,1131,2912,1763,4246,8708,12658,7472,1962,33,43,47496,0,47496,44,57,137,72,161,111,103,86,76,345,155,404,725,822,400,69,1,2,3770,0,3770
2024-05,455,592,964,770,1635,930,958,1020,1199,3247,1908,4677,9493,13567,7892,2059,34,43,51443,0,51443,411,538,821,693,1474,817,848,941,1123,2900,1755,4265,8774,12735,7492,1988,33,41,47649,0,47649,44,54,143,77,161,113,110,79,76,347,153,412,719,832,400,71,1,2,3794,0,3794
2024-06,461,610,969,782,1651,930,964,1045,1215,3252,1892,4636,9518,13588,7909,2073,34,41,51570,0,51570,420,552,822,707,1502,823,855,968,1135,2899,1741,4239,8800,12759,7508,2002,33,40,47805,0,47805,41,58,147,75,149,107,109,77,80,353,151,397,718,829,401,71,1,1,3765,0,3765
2024-07,462,606,973,801,1620,904,963,1039,1197,3274,1892,4631,9500,13582,7924,2084,34,37,51523,0,51523,422,553,828,720,1472,801,853,960,1118,2921,1751,4235,8792,12757,7517,2012,33,36,47781,0,47781,40,53,145,81,148,103,110,79,79,353,141,396,708,825,407,72,1,1,3742,0,3742
2024-08,449,602,944,803,1616,908,955,1043,1215,3259,1898,4640,9466,13621,7939,2103,34,41,51536,0,51536,413,549,805,709,1478,802,855,959,1133,2908,1759,4232,8753,12799,7530,2031,33,39,47787,0,47787,36,53,139,94,138,106,100,84,82,351,139,408,713,822,409,72,1,2,3749,0,3749
2024-09,449,605,945,803,1622,919,955,1043,1215,3273,1888,4658,9529,13685,7935,2115,34,39,51712,0,51712,416,548,804,706,1482,812,860,954,1135,2921,1745,4239,8814,12855,7526,2041,33,38,47929,0,47929,33,57,141,97,140,107,95,89,80,352,143,419,715,830,409,74,1,1,3783,0,3783
2024-10,453,615,947,788,1624,923,940,1064,1206,3249,1903,4667,9489,13754,7940,2129,34,41,51766,0,51766,420,560,807,693,1476,817,848,983,1122,2898,1753,4237,8766,12905,7529,2054,33,40,47941,0,47941,33,55,140,95,148,106,92,81,84,351,150,430,723,849,411,75,1,1,3825,0,3825
2024-11,442,610,927,788,1617,906,947,1044,1197,3255,1892,4647,9448,13809,7957,2139,34,45,51704,0,51704,412,552,797,700,1468,804,856,967,1112,2907,1743,4221,8723,12958,7541,2063,33,44,47901,0,47901,30,58,130,88,149,102,91,77,85,348,149,426,725,851,416,76,1,1,3803,0,3803
2024-12,464,613,928,797,1646,907,940,1036,1192,3259,1856,4636,9484,13840,7958,2162,34,44,51796,0,51796,430,560,799,706,1501,806,847,954,1102,2906,1710,4220,8754,12991,7538,2085,33,43,47985,0,47985,34,53,129,91,145,101,93,82,90,353,146,416,730,849,420,77,1,1,3811,0,3811
2025-01,462,615,921,791,1644,908,933,1025,1175,3236,1909,4628,9480,13860,7951,2161,34,43,51776,0,51776,430,562,794,698,1495,804,837,946,1086,2890,1761,4212,8745,12989,7532,2084,33,42,47940,0,47940,32,53,127,93,149,104,96,79,89,346,148,416,735,871,419,77,1,1,3836,0,3836
2025-02,471,599,928,790,1628,897,926,998,1194,3233,1924,4640,9503,13923,7959,2178,34,41,51866,0,51866,437,548,802,703,1482,795,833,915,1107,2882,1776,4226,8764,13047,7538,2102,33,39,48029,0,48029,34,51,126,87,146,102,93,83,87,351,148,414,739,876,421,76,1,2,3837,0,3837
2025-03,481,587,915,808,1647,898,921,1002,1217,3217,1909,4641,9544,14001,7970,2187,34,41,52020,0,52020,449,540,794,718,1497,784,827,919,1126,2873,1763,4227,8807,13113,7549,2111,33,40,48170,0,48170,32,47,121,90,150,114,94,83,91,344,146,414,737,888,421,76,1,1,3850,0,3850
2025-04,466,586,921,803,1637,914,903,1037,1213,3249,1928,4662,9599,14025,7990,2203,34,41,52211,0,52211,439,538,800,715,1483,806,820,953,1121,2891,1777,4255,8842,13129,7564,2123,33,40,48329,0,48329,27,48,121,88,154,108,83,84,92,358,151,407,757,896,426,80,1,1,3882,0,3882
2025-05,482,596,930,835,1664,941,922,1048,1236,3307,1984,4719,9619,14119,7998,2222,33,45,52700,0,52700,451,551,802,743,1503,832,840,963,1139,2947,1831,4304,8845,13224,7571,2142,32,43,48763,0,48763,31,45,128,92,161,109,82,85,97,360,153,415,774,895,427,80,1,2,3937,0,3937
2025-06,499,611,925,862,1664,935,921,1048,1237,3293,1991,4710,9613,14167,8011,2241,33,43,52804,0,52804,460,564,797,760,1503,824,844,962,1134,2917,1837,4282,8850,13275,7584,2161,32,41,48827,0,48827,39,47,128,102,161,111,77,86,103,376,154,428,763,892,427,80,1,2,3977,0,3977
2025-07,497,611,945,846,1674,939,899,1055,1242,3297,1977,4744,9609,14203,8021,2256,33,43,52891,0,52891,459,561,807,738,1504,830,825,973,1134,2926,1828,4309,8841,13309,7591,2176,32,40,48883,0,48883,38,50,138,108,170,109,74,82,108,371,149,435,768,894,430,80,1,3,4008,0,4008
2025-08,478,599,922,837,1679,933,876,1039,1247,3256,1993,4717,9622,14277,8013,2262,33,44,52827,0,52827,443,551,784,731,1502,823,808,958,1138,2888,1840,4287,8876,13370,7581,2181,32,40,48833,0,48833,35,48,138,106,177,110,68,81,109,368,153,430,746,907,432,81,1,4,3994,0,3994
2025-09,498,616,945,851,1676,945,903,1031,1268,3284,2020,4735,9686,14357,8014,2279,33,48,53189,0,53189,459,564,806,747,1505,834,831,949,1161,2914,1861,4298,8920,13445,7582,2196,32,46,49150,0,49150,39,52,139,104,171,111,72,82,107,370,159,437,766,912,432,83,1,2,4039,0,4039
2025-10,504,627,952,847,1670,975,903,1023,1262,3311,2042,4748,9678,14410,8021,2292,33,46,53344,0,53344,469,571,820,739,1492,860,835,941,1161,2941,1882,4309,8920,13487,7587,2208,32,44,49298,0,49298,35,56,132,108,178,115,68,82,101,370,160,439,758,923,434,84,1,2,4046,0,4046
2025-11,492,633,964,845,1679,947,908,1040,1243,3306,2029,4703,9686,14467,8023,2299,33,41,53338,0,53338,458,580,821,739,1497,840,836,955,1141,2938,1869,4261,8932,13533,7591,2215,32,39,49277,0,49277,34,53,143,106,182,107,72,85,102,368,160,442,754,934,432,84,1,2,4061,0,4061
2025-12,495,638,965,839,1687,970,913,1031,1240,3320,2047,4702,9663,14506,8025,2314,33,42,53430,0,53430,458,584,820,737,1498,864,842,937,1136,2944,1874,4277,8917,13566,7593,2228,32,40,49347,0,49347,37,54,145,102,189,106,71,94,104,376,173,425,746,940,432,86,1,2,4083,0,4083
2026-01,496,643,958,850,1664,963,906,1027,1221,3276,2027,4681,9616,14471,8017,2320,33,41,53210,0,53210,458,587,811,746,1473,855,833,939,1126,2914,1855,4254,8859,13535,7586,2234,32,38,49135,0,49135,38,56,147,104,191,108,73,88,95,362,172,427,757,936,431,86,1,3,4075,0,4075
2026-02,509,650,967,856,1657,951,894,1029,1231,3273,2018,4659,9608,14547,8023,2336,33,39,53280,0,53280,465,592,816,753,1475,853,817,941,1136,2913,1849,4232,8863,13607,7590,2249,32,35,49218,0,49218,44,58,151,103,182,98,77,88,95,360,169,427,745,940,433,87,1,4,4062,0,4062
2026-03,504,640,972,868,1667,935,901,1023,1243,3282,2044,4660,9683,14635,8025,2355,33,44,53514,0,53514,468,586,830,765,1488,840,826,935,1157,2918,1879,4236,8936,13699,7591,2267,32,40,49493,0,49493,36,54,142,103,179,95,75,88,86,364,165,424,747,936,434,88,1,4,4021,0,4021
2026-04,520,653,956,860,1651,944,922,1005,1248,3280,2032,4659,9668,14701,8025,2365,33,49,53571,0,53571,483,597,817,764,1477,851,846,923,1157,2907,1867,4233,8932,13762,7592,2276,32,47,49563,0,49563,37,56,139,96,174,93,76,82,91,373,165,426,736,939,433,89,1,2,4008,0,4008
2026-05,504,631,936,839,1652,922,927,1011,1227,3270,2013,4643,9666,14750,8039,2388,33,49,53500,0,53500,473,576,799,745,1473,825,855,926,1138,2877,1849,4236,8931,13812,7602,2298,32,47,49494,0,49494,31,55,137,94,179,97,72,85,89,393,164,407,735,938,437,90,1,2,4006,0,4006
2026-06,512,647,937,841,1634,932,935,1003,1241,3241,2011,4651,9661,14813,8046,2403,34,48,53590,0,53590,477,589,806,748,1453,834,868,913,1151,2851,1850,4237,8934,13862,7609,2313,33,46,49574,0,49574,35,58,131,93,181,98,67,90,90,390,161,414,727,951,437,90,1,2,4016,0,4016