report,violent_sex,violent_sex_m,violent_sex_f,violent,violent_m,violent_f,violent_p,sex_crime,sex_crime_m,sex_crime_f,sex_crime_p,property,property_m,property_f,property_p,drug,drug_m,drug_f,drug_p,habit_dui,habit_dui_m,habit_dui_f,habit_dui_p,other_category,other_category_m,other_category_f,other_category_p,total_reported_by_category,total_reported_by_category_m,total_reported_by_category_f,primary_offense_category_page_no
2005-07,28843,27571,1272,,,,,,,,,9684,8851,833,20.23%,7045,6565,480,14.72%,,,,,2299,2194,105,4.80%,47871,45181,2690,62
2005-08,28870,27598,1272,,,,,,,,,9650,8803,847,20.17%,7048,6554,494,14.73%,,,,,2280,2171,109,4.77%,47848,45126,2722,70
2005-09,28724,27457,1267,,,,,,,,,9601,8733,868,20.14%,7066,6561,505,14.82%,,,,,2280,2169,111,4.78%,47671,44920,2751,72
2005-10,28632,27375,1257,,,,,,,,,9425,8555,870,19.90%,7013,6497,516,14.81%,,,,,2294,2180,114,4.84%,47364,44607,2757,73
2005-11,28830,27561,1269,,,,,,,,,9614,8723,891,20.00%,7262,6720,542,15.11%,,,,,2364,2245,119,4.92%,48070,45249,2821,73
2005-12,28944,27678,1266,,,,,,,,,9794,8884,910,20.21%,7347,6804,543,15.16%,,,,,2376,2262,114,4.90%,48461,45628,2833,71
2006-01,28964,27691,1273,,,,,,,,,9767,8844,923,20.13%,7394,6822,572,15.24%,,,,,2384,2267,117,4.91%,48509,45624,2885,72
2006-02,,,,22140,20931,1209,45.31%,6978,6884,94,14.28%,9885,8877,1008,20.23%,7474,6850,624,15.29%,233,225,8,0.48%,2157,2049,108,4.41%,48867,45816,3051,70
2006-03,,,,22289,21047,1242,45.09%,6988,6895,93,14.14%,10110,9018,1092,20.45%,7579,6882,697,15.33%,224,216,8,0.45%,2245,2136,109,4.54%,49435,46194,3241,71
2006-04,,,,22252,21018,1234,45.05%,7048,6959,89,14.27%,10067,8977,1090,20.38%,7560,6831,729,15.31%,204,198,6,0.41%,2261,2146,115,4.58%,49392,46129,3263,69
2006-05,,,,22404,21158,1246,44.65%,7089,7000,89,14.13%,10237,9163,1074,20.40%,7922,7169,753,15.79%,209,203,6,0.42%,2320,2209,111,4.62%,50181,46902,3279,69
2006-06,,,,22706,21448,1258,44.05%,7146,7055,91,13.86%,10647,9498,1149,20.65%,8411,7614,797,16.32%,205,199,6,0.40%,2434,2310,124,4.72%,51549,48124,3425,68
2006-07,,,,22682,21413,1269,44.00%,7160,7067,93,13.89%,10630,9481,1149,20.62%,8405,7583,822,16.31%,204,198,6,0.40%,2465,2332,133,4.78%,51546,48074,3472,70
2006-08,,,,22396,21142,1254,44.09%,7142,7048,94,14.06%,10427,9310,1117,20.53%,8191,7377,814,16.12%,191,186,5,0.38%,2452,2322,130,4.83%,50799,47385,3414,71
2006-09,,,,22499,21230,1269,43.90%,7198,7102,96,14.04%,10469,9342,1127,20.43%,8445,7622,823,16.48%,173,169,4,0.34%,2468,2341,127,4.82%,51252,47806,3446,71
2006-10,,,,22502,21223,1279,43.88%,7209,7113,96,14.06%,10484,9363,1121,20.44%,8435,7629,806,16.45%,173,168,5,0.34%,2483,2356,127,4.84%,51286,47852,3434,71
2006-11,,,,22389,21123,1266,44.22%,7192,7093,99,14.20%,10241,9158,1083,20.23%,8222,7448,774,16.24%,172,166,6,0.34%,2418,2299,119,4.78%,50634,47287,3347,71
2006-12,,,,22538,21268,1270,43.78%,7272,7176,96,14.13%,10412,9308,1104,20.23%,8593,7771,822,16.69%,180,173,7,0.35%,2480,2359,121,4.82%,51475,48055,3420,69
2007-01,,,,22370,21109,1261,43.78%,7261,7162,99,14.21%,10241,9127,1114,20.04%,8619,7798,821,16.87%,177,170,7,0.35%,2425,2306,119,4.75%,51093,47672,3421,70
2007-02,,,,22257,20997,1260,43.86%,7236,7141,95,14.26%,10159,9049,1110,20.02%,8551,7745,806,16.85%,178,172,6,0.35%,2365,2244,121,4.66%,50746,47348,3398,70
2007-03,,,,22303,21043,1260,43.80%,7218,7122,96,14.18%,10196,9070,1126,20.02%,8648,7825,823,16.98%,180,173,7,0.35%,2372,2255,117,4.66%,50917,47488,3429,71
2007-04,,,,22264,21006,1258,43.91%,7187,7091,96,14.17%,10099,8997,1102,19.92%,8635,7819,816,17.03%,169,161,8,0.33%,2351,2234,117,4.64%,50705,47308,3397,71
2007-05,,,,22126,20872,1254,43.92%,7179,7081,98,14.25%,10001,8912,1089,19.85%,8599,7795,804,17.07%,166,158,8,0.33%,2303,2186,117,4.57%,50374,47004,3370,72
2007-06,,,,22110,20875,1235,43.79%,7172,7074,98,14.20%,10032,8958,1074,19.87%,8693,7883,810,17.22%,163,154,9,0.32%,2325,2218,107,4.60%,50495,47162,3333,72
2007-07,,,,22094,20870,1224,43.86%,7159,7066,93,14.21%,9978,8918,1060,19.81%,8680,7876,804,17.23%,162,154,8,0.32%,2302,2193,109,4.57%,50375,47077,3298,72
2007-08,,,,22145,20926,1219,43.80%,7145,7050,95,14.13%,9989,8908,1081,19.76%,8795,7947,848,17.39%,156,145,11,0.31%,2333,2211,122,4.61%,50563,47187,3376,72
2007-09,,,,22315,21083,1232,43.68%,7204,7106,98,14.10%,10077,9000,1077,19.73%,8977,8142,835,17.57%,153,144,9,0.30%,2361,2236,125,4.62%,51087,47711,3376,72
2007-10,,,,22298,21059,1239,43.67%,7221,7125,96,14.14%,9994,8913,1081,19.57%,9026,8196,830,17.68%,154,145,9,0.30%,2364,2234,130,4.63%,51057,47672,3385,72
2007-11,,,,22495,21249,1246,43.43%,7317,7218,99,14.13%,10227,9149,1078,19.75%,9184,8369,815,17.73%,153,146,7,0.30%,2415,2276,139,4.66%,51791,48407,3384,72
2007-12,,,,23135,21859,1276,42.73%,7631,7528,103,14.09%,10874,9754,1120,20.08%,9759,8880,879,18.02%,166,159,7,0.31%,2580,2436,144,4.76%,54145,50616,3529,72
2008-01,,,,23174,21889,1285,42.77%,7656,7555,101,14.13%,10892,9753,1139,20.10%,9718,8837,881,17.94%,160,152,8,0.30%,2577,2428,149,4.76%,54177,50614,3563,72
2008-02,,,,23194,21930,1264,42.80%,7688,7588,100,14.19%,10876,9763,1113,20.07%,9674,8832,842,17.85%,161,152,9,0.30%,2596,2452,144,4.79%,54189,50717,3472,72
2008-03,,,,23203,21939,1264,42.78%,7709,7606,103,14.21%,10931,9807,1124,20.15%,9644,8809,835,17.78%,163,152,11,0.30%,2590,2441,149,4.78%,54240,50754,3486,72
2008-04,,,,23248,21978,1270,42.85%,7730,7623,107,14.25%,10917,9803,1114,20.12%,9588,8767,821,17.67%,159,149,10,0.29%,2618,2478,140,4.82%,54260,50798,3462,72
2008-05,,,,23319,22038,1281,43.02%,7742,7633,109,14.28%,10850,9703,1147,20.02%,9561,8723,838,17.64%,168,158,10,0.31%,2566,2429,137,4.73%,54206,50684,3522,72
2008-06,,,,23298,22003,1295,43.20%,7731,7622,109,14.34%,10795,9630,1165,20.02%,9376,8541,835,17.39%,167,157,10,0.31%,2560,2420,140,4.75%,53927,50373,3554,72
2008-07,,,,23254,21954,1300,43.49%,7709,7600,109,14.42%,10604,9436,1168,19.83%,9225,8363,862,17.25%,165,156,9,0.31%,2509,2363,146,4.69%,53466,49872,3594,72
2008-08,,,,23257,21953,1304,43.61%,7684,7573,111,14.41%,10533,9350,1183,19.75%,9214,8330,884,17.28%,164,155,9,0.31%,2479,2334,145,4.65%,53331,49695,3636,72
2008-09,,,,23233,21909,1324,43.85%,7676,7564,112,14.49%,10398,9218,1180,19.63%,9083,8184,899,17.15%,155,146,9,0.29%,2432,2287,145,4.59%,52977,49308,3669,72
2008-10,,,,23241,21920,1321,43.76%,7680,7567,113,14.46%,10477,9282,1195,19.73%,9121,8231,890,17.17%,148,140,8,0.28%,2448,2307,141,4.61%,53115,49447,3668,72
2008-11,,,,23401,22086,1315,44.37%,7666,7553,113,14.53%,10366,9198,1168,19.65%,9042,8153,889,17.14%,139,133,6,0.26%,2131,1999,132,4.04%,52745,49122,3623,72
2008-12,,,,23393,22068,1325,44.40%,7672,7561,111,14.56%,10381,9184,1197,19.70%,8984,8071,913,17.05%,136,130,6,0.26%,2117,1981,136,4.02%,52683,48995,3688,72
2009-01,,,,23354,22035,1319,44.39%,7666,7560,106,14.57%,10356,9168,1188,19.68%,8991,8072,919,17.09%,130,124,6,0.25%,2118,1983,135,4.03%,52615,48942,3673,72
2009-02,,,,23454,22119,1335,44.31%,7664,7560,104,14.48%,10435,9221,1214,19.72%,9112,8193,919,17.22%,127,122,5,0.24%,2136,2003,133,4.04%,52928,49218,3710,72
2009-03,,,,23558,22214,1344,44.23%,7720,7615,105,14.49%,10551,9361,1190,19.81%,9155,8246,909,17.19%,129,125,4,0.24%,2151,2016,135,4.04%,53264,49577,3687,72
2009-04,,,,23663,22329,1334,44.22%,7780,7674,106,14.54%,10638,9442,1196,19.88%,9135,8242,893,17.07%,135,130,5,0.25%,2157,2036,121,4.03%,53508,49853,3655,72
2009-06,,,,23867,22529,1338,44.18%,7837,7732,105,14.51%,10755,9543,1212,19.91%,9236,8308,928,17.10%,136,128,8,0.25%,2193,2069,124,4.06%,54024,50309,3715,72
2009-07,,,,23783,22431,1352,44.17%,7841,7737,104,14.56%,10713,9497,1216,19.89%,9195,8271,924,17.08%,138,130,8,0.26%,2180,2048,132,4.05%,53850,50114,3736,72
2009-08,,,,23683,22324,1359,44.48%,7780,7677,103,14.61%,10537,9300,1237,19.79%,8969,8062,907,16.84%,130,122,8,0.24%,2147,2019,128,4.03%,53246,49504,3742,72
2009-09,,,,23799,22431,1367,44.67%,7787,7686,101,14.62%,10569,9333,1235,19.84%,8835,7936,899,16.58%,131,123,8,0.25%,2152,2027,124,4.04%,53273,49536,3734,68
2009-10,,,,23852,22484,1368,44.74%,7786,7683,103,14.61%,10542,9307,1235,19.78%,8860,7947,913,16.62%,125,119,6,0.23%,2142,2011,131,4.02%,53307,49551,3756,69
2009-11,,,,24024,22633,1389,44.91%,7799,7695,104,14.58%,10561,9311,1250,19.74%,8823,7907,915,16.49%,120,114,6,0.22%,2166,2030,136,4.05%,53493,49690,3800,69
2009-12,,,,24024,22633,1389,44.91%,7799,7695,104,14.58%,10561,9311,1250,19.74%,8823,7907,915,16.49%,120,114,6,0.22%,2166,2030,136,4.05%,53493,49690,3800,69
2010-01,,,,23989,22598,1391,44.98%,7789,7683,106,14.60%,10543,9308,1234,19.77%,8730,7837,893,16.37%,117,109,8,0.22%,2168,2032,136,4.06%,53336,49567,3768,73
2010-02,,,,24137,22741,1396,44.99%,7781,7675,106,14.50%,10668,9446,1222,19.88%,8738,7874,864,16.29%,117,110,7,0.22%,2211,2080,130,4.12%,53652,49926,3725,73
2010-03,,,,24085,22705,1380,45.24%,7749,7642,107,14.55%,10533,9335,1198,19.78%,8596,7759,837,16.14%,114,106,8,0.21%,2167,2040,127,4.07%,53244,49587,3657,73
2010-04,,,,23976,22588,1388,45.49%,7709,7599,110,14.63%,10402,9216,1186,19.74%,8416,7596,820,15.97%,110,103,7,0.21%,2093,1972,121,3.97%,52706,49074,3632,73
2010-05,,,,24047,22646,1401,45.61%,7723,7609,114,14.65%,10397,9201,1196,19.72%,8370,7538,832,15.87%,111,102,9,0.21%,2078,1951,127,3.94%,52726,49047,3679,73
2010-06,,,,23961,22557,1404,45.87%,7686,7572,114,14.71%,10232,9024,1208,19.59%,8202,7353,849,15.70%,101,91,10,0.19%,2060,1930,130,3.94%,52242,48527,3715,73
2010-07,,,,24013,22609,1404,45.87%,7720,7606,114,14.75%,10242,9020,1221,19.56%,8221,7367,854,15.70%,106,96,10,0.20%,2052,1924,128,3.92%,52354,48622,3731,73
2010-08,,,,24107,22690,1417,45.81%,7753,7635,117,14.73%,10369,9119,1250,19.70%,8209,7353,856,15.60%,112,102,10,0.21%,2072,1942,130,3.94%,52622,48841,3780,73
2010-09,,,,24202,22824,1378,45.99%,7796,7679,116,14.81%,10341,9142,1198,19.65%,8102,7296,806,15.40%,116,108,8,0.22%,2068,1950,118,3.93%,52625,48999,3624,73
2010-10,,,,23956,22576,1380,45.62%,7729,7613,116,14.72%,10323,9101,1222,19.66%,8428,7580,848,16.05%,103,94,9,0.20%,1968,1848,120,3.75%,52507,48812,3695,73
2010-11,,,,23954,22580,1374,45.84%,7719,7602,117,14.77%,10205,9002,1203,19.53%,8339,7507,832,15.96%,109,101,8,0.21%,1932,1812,120,3.70%,52258,48604,3654,73
2010-12,,,,24441,23036,1405,46.18%,7812,7695,117,14.76%,10464,9216,1248,19.77%,8035,7204,831,15.18%,100,92,8,0.19%,2074,1947,127,3.92%,52926,49190,3736,73
2011-01,,,,24384,22990,1394,46.28%,7806,7692,114,14.82%,10388,9173,1215,19.72%,7959,7133,826,15.11%,106,99,7,0.20%,2041,1920,121,3.87%,52684,49007,3677,73
2011-02,,,,24441,23042,1397,46.50%,7786,7671,115,14.81%,10307,9092,1212,19.61%,7884,7068,816,15.00%,98,92,6,0.19%,2050,1919,130,3.90%,52566,48884,3676,69
2011-03,,,,24014,22680,1334,46.60%,7688,7577,111,14.92%,10101,8952,1149,19.60%,7624,6868,756,14.80%,102,96,6,0.20%,1998,1878,120,3.88%,51527,48051,3476,68
2011-04,,,,24445,23085,1360,47.13%,7759,7648,111,14.96%,10022,8902,1120,19.32%,7526,6782,744,14.51%,107,101,6,0.21%,2008,1892,116,3.87%,51867,48410,3457,72
2011-05,,,,24439,23076,1363,47.12%,7743,7633,110,14.93%,10027,8903,1124,19.33%,7519,6777,742,14.50%,110,104,6,0.21%,2027,1907,120,3.91%,51865,48400,3465,72
2011-06,,,,24598,23232,1366,47.13%,7760,7651,109,14.87%,10140,9022,1118,19.43%,7509,6784,725,14.39%,126,119,7,0.24%,2055,1942,113,3.94%,52188,48750,3438,72
2011-07,,,,24471,23094,1377,46.99%,7750,7641,109,14.88%,10165,9009,1156,19.52%,7524,6757,767,14.45%,127,120,7,0.24%,2043,1922,121,3.92%,52080,48543,3537,71
2011-08,,,,25016,23617,1399,46.84%,7812,7707,105,14.63%,10734,9551,1183,20.10%,7553,6789,764,14.14%,135,129,6,0.25%,2155,2031,124,4.04%,53405,49824,3581,65
2011-09,,,,25039,23648,1391,46.80%,7810,7706,104,14.60%,10762,9608,1154,20.11%,7580,6839,741,14.17%,136,130,6,0.25%,2179,2061,118,4.07%,53506,49992,3514,70
2011-10,,,,25070,23670,1400,46.71%,7815,7710,105,14.56%,10863,9700,1163,20.24%,7599,6850,749,14.16%,135,130,5,0.25%,2195,2078,117,4.09%,53677,50138,3539,69
2011-11,,,,24889,23510,1379,46.68%,7804,7696,108,14.64%,10767,9599,1168,20.20%,7530,6784,746,14.12%,133,127,6,0.25%,2191,2066,125,4.11%,53314,49782,3532,69
2011-12,,,,24866,23484,1382,46.70%,7811,7705,106,14.67%,10749,9592,1157,20.19%,7486,6752,734,14.06%,136,131,5,0.26%,2203,2078,125,4.14%,53251,49742,3509,69
2012-01,,,,24707,23315,1392,46.62%,7789,7682,107,14.70%,10690,9546,1144,20.17%,7529,6783,746,14.21%,123,118,5,0.23%,2153,2034,119,4.06%,52991,49478,3513,69
2012-02,,,,25901,24437,1464,46.75%,8042,7935,107,14.51%,11534,10254,1280,20.82%,7602,6815,787,13.72%,113,106,7,0.20%,2213,2083,130,3.99%,55405,51630,3775,69
2012-03,,,,26111,24613,1498,46.41%,8114,8001,113,14.42%,11893,10578,1315,21.14%,7768,6957,811,13.81%,120,112,8,0.21%,2253,2118,135,4.00%,56259,52379,3880,70
2012-04,,,,26188,24687,1501,46.28%,8123,8011,112,14.36%,12055,10729,1326,21.31%,7822,7005,817,13.82%,123,116,7,0.22%,2269,2135,134,4.01%,56580,52683,3897,70
2012-05,,,,26243,24742,1501,46.08%,8171,8059,112,14.35%,12190,10850,1340,21.40%,7916,7098,818,13.90%,129,121,8,0.23%,2301,2167,134,4.04%,56950,53037,3913,69
2012-06,,,,26325,24831,1494,46.01%,8185,8071,114,14.31%,12294,10972,1322,21.49%,7956,7149,807,13.91%,125,118,7,0.22%,2328,2195,133,4.07%,57213,53336,3877,69
2012-07,,,,26600,25098,1502,45.78%,8242,8128,114,14.19%,12638,11302,1336,21.75%,8076,7273,803,13.90%,135,129,6,0.23%,2410,2277,133,4.15%,58101,54207,3894,69
2012-08,,,,26568,25049,1519,46.03%,8197,8081,116,14.20%,12424,11103,1321,21.53%,8036,7236,800,13.92%,123,118,5,0.21%,2366,2225,141,4.10%,57714,53812,3902,69
2012-09,,,,26501,24981,1520,46.25%,8178,8062,116,14.27%,12242,10962,1280,21.37%,7911,7109,802,13.81%,122,117,5,0.21%,2340,2203,137,4.08%,57294,53434,3860,69
2012-10,,,,26640,25104,1536,46.33%,8279,8164,115,14.40%,12262,10960,1302,21.32%,8024,7217,807,13.95%,126,118,8,0.22%,2175,2041,134,3.78%,57506,53604,3902,69
2012-11,,,,26626,25088,1538,46.46%,8243,8128,115,14.38%,12201,10920,1281,21.29%,7807,7005,802,13.62%,121,112,9,0.21%,2306,2165,141,4.02%,57304,53418,3886,71
2012-12,,,,26593,25056,1537,46.67%,8264,8150,114,14.50%,12056,10796,1260,21.16%,7671,6877,794,13.46%,117,107,10,0.21%,2276,2138,138,3.99%,56977,53124,3853,71
2013-01,,,,26541,24994,1547,46.82%,8248,8132,116,14.55%,11989,10729,1260,21.15%,7572,6772,800,13.36%,114,103,11,0.20%,2219,2077,142,3.91%,56683,52807,3876,71
2013-02,,,,26444,24901,1543,46.95%,8248,8134,114,14.64%,11889,10642,1247,21.11%,7427,6638,789,13.19%,117,106,11,0.21%,2196,2056,140,3.90%,56321,52477,3844,71
2013-03,,,,26422,24890,1532,47.20%,8255,8142,113,14.75%,11724,10461,1263,20.94%,7297,6514,783,13.04%,118,104,14,0.21%,2161,2022,139,3.86%,55977,52133,3844,71
2013-04,,,,26436,24918,1518,47.44%,8303,8187,116,14.90%,11576,10331,1245,20.77%,7155,6384,771,12.84%,114,97,17,0.20%,2137,1996,141,3.84%,55721,51913,3808,71
2013-05,,,,26458,24943,1515,47.70%,8317,8200,117,14.99%,11416,10202,1214,20.58%,7016,6267,749,12.65%,113,95,18,0.20%,2150,2007,143,3.88%,55470,51714,3756,71
2013-06,,,,26339,24821,1518,47.94%,8317,8196,121,15.14%,11194,9999,1195,20.37%,6844,6103,741,12.46%,113,93,20,0.21%,2135,1999,136,3.89%,54942,51211,3731,71
2013-07,,,,26332,24817,1515,48.19%,8326,8202,124,15.24%,11003,9846,1157,20.14%,6741,6032,709,12.34%,107,88,19,0.20%,2128,1992,136,3.89%,54637,50977,3660,71
2013-08,,,,26317,24798,1519,48.38%,8340,8217,123,15.33%,10809,9687,1122,19.87%,6692,5991,701,12.30%,108,88,20,0.20%,2127,1996,131,3.91%,54393,50777,3616,71
2013-09,,,,26361,24838,1523,48.60%,8335,8214,121,15.37%,10673,9569,1104,19.68%,6625,5935,690,12.22%,113,92,21,0.21%,2129,1996,133,3.93%,54236,50644,3592,71
2013-10,,,,26414,24882,1532,48.77%,8343,8220,123,15.40%,10555,9467,1088,19.49%,6583,5895,688,12.15%,116,97,19,0.21%,2148,2011,137,3.97%,54159,50572,3587,71
2013-11,,,,26476,24926,1550,49.09%,8341,8217,124,15.47%,10378,9298,1080,19.24%,6508,5843,665,12.07%,113,95,18,0.21%,2114,1978,136,3.92%,53930,50357,3573,71
2013-12,,,,26445,24893,1552,49.13%,8330,8205,125,15.48%,10358,9268,1090,19.24%,6443,5779,664,11.97%,109,91,18,0.20%,2140,2003,137,3.98%,53825,50239,3586,71
2014-01,,,,26325,24786,1539,49.38%,8331,8207,124,15.63%,10054,9004,1050,18.86%,6393,5741,652,11.99%,104,84,20,0.20%,2106,1969,137,3.95%,53313,49791,3522,71
2014-02,,,,26143,24624,1519,49.59%,8337,8213,124,15.81%,9796,8781,1015,18.58%,6251,5606,645,11.86%,104,83,21,0.20%,2086,1951,135,3.96%,52717,49258,3459,71
2014-03,,,,26156,24635,1521,49.77%,8338,8213,125,15.86%,9658,8652,1006,18.38%,6196,5557,639,11.79%,105,86,19,0.20%,2103,1973,130,4.00%,52556,49116,3440,71
2014-04,,,,26272,24739,1533,49.98%,8363,8238,125,15.91%,9558,8559,999,18.18%,6165,5512,653,11.73%,103,85,18,0.20%,2102,1976,126,4.00%,52563,49109,3454,71
2014-05,,,,26345,24802,1543,49.75%,8363,8240,123,15.79%,10035,8981,1054,18.95%,6003,5382,621,11.34%,109,92,17,0.21%,2095,1955,140,3.96%,52950,49452,3498,71
2014-06,,,,26357,24833,1524,49.82%,8356,8234,122,15.79%,9981,8935,1046,18.87%,5971,5357,614,11.29%,109,93,16,0.21%,2132,1987,145,4.03%,52906,49439,3467,71
2014-08,,,,26484,24937,1547,49.86%,8378,8257,121,15.77%,10032,8979,1053,18.89%,5986,5345,641,11.27%,120,102,18,0.23%,2121,1967,154,3.99%,53121,49587,3534,71
2014-09,,,,26437,24901,1536,49.88%,8327,8203,124,15.71%,10000,8962,1038,18.87%,5975,5323,652,11.27%,122,106,16,0.23%,2136,1985,151,4.03%,52997,49480,3517,71
2014-10,,,,26482,24923,1559,49.78%,8378,8249,129,15.75%,10025,8978,1047,18.84%,6032,5382,650,11.34%,125,110,15,0.23%,2160,2004,156,4.06%,53202,49646,3556,55
2014-11,,,,26468,24923,1545,49.93%,8381,8254,127,15.81%,9936,8892,1044,18.74%,5976,5339,637,11.27%,125,111,14,0.24%,2123,1970,153,4.00%,53009,49489,3520,55
2014-12,,,,26055,24495,1560,49.00%,8342,8214,128,15.69%,10207,9159,1048,19.20%,6173,5540,633,11.61%,130,116,14,0.24%,2263,2110,153,4.26%,53170,49634,3536,54
2015-01,,,,26065,24502,1563,48.97%,8346,8216,130,15.68%,10218,9166,1052,19.20%,6205,5573,632,11.66%,129,115,14,0.24%,2260,2108,152,4.25%,53223,49680,3543,54
2015-02,,,,26090,24527,1563,48.99%,8366,8236,130,15.71%,10206,9162,1044,19.16%,6187,5550,637,11.62%,121,109,12,0.23%,2287,2132,155,4.29%,53257,49716,3541,54
2015-03,,,,26177,24600,1577,48.95%,8349,8221,128,15.61%,10247,9188,1059,19.16%,6244,5593,651,11.68%,118,106,12,0.22%,2343,2190,153,4.38%,53478,49898,3580,54
2015-04,,,,26126,24560,1566,48.89%,8370,8242,128,15.66%,10180,9136,1044,19.05%,6270,5618,652,11.73%,118,105,13,0.22%,2371,2220,151,4.44%,53435,49881,3554,55
2015-05,,,,26267,24697,1570,48.93%,8361,8233,128,15.57%,10248,9197,1051,19.09%,6322,5661,661,11.78%,117,105,12,0.22%,2371,2215,156,4.42%,53686,50108,3578,55
2015-06,,,,26332,24753,1579,48.95%,8359,8226,133,15.54%,10243,9179,1064,19.04%,6359,5689,670,11.82%,109,97,12,0.20%,2390,2231,159,4.44%,53792,50175,3617,56
2015-07,,,,26334,24768,1566,49.10%,8327,8196,131,15.53%,10147,9106,1041,18.92%,6339,5666,673,11.82%,101,88,13,0.19%,2381,2220,161,4.44%,53629,50044,3585,56
2015-08,,,,26780,25202,1578,50.11%,8350,8221,129,15.63%,9758,8719,1039,18.26%,6148,5469,679,11.50%,100,88,12,0.19%,2304,2140,164,4.31%,53440,49839,3601,56
2015-09,,,,26723,25141,1582,50.05%,8320,8192,128,15.58%,9644,8612,1032,18.06%,6345,5622,723,11.88%,108,95,13,0.20%,2251,2081,170,4.22%,53391,49743,3648,56
2015-10,,,,26823,25246,1577,50.24%,8316,8184,132,15.57%,9574,8557,1017,17.93%,6327,5612,715,11.85%,106,93,13,0.20%,2249,2078,171,4.21%,53395,49770,3625,56
2015-11,,,,26826,25243,1583,50.48%,8302,8168,134,15.62%,9476,8470,1006,17.83%,6205,5502,703,11.68%,110,97,13,0.21%,2227,2061,166,4.19%,53146,49541,3605,56
2015-12,,,,26825,25246,1579,50.59%,8308,8175,133,15.67%,9438,8430,1008,17.80%,6135,5445,690,11.57%,106,92,14,0.20%,2216,2054,162,4.18%,53028,49442,3586,56
2016-01,,,,26809,25236,1573,50.68%,8299,8168,131,15.69%,9362,8347,1015,17.70%,6091,5391,700,11.51%,111,98,13,0.21%,2225,2064,161,4.21%,52897,49304,3593,56
2016-02,,,,26874,25280,1594,50.61%,8326,8194,132,15.68%,9373,8354,1019,17.65%,6148,5434,714,11.58%,108,97,11,0.20%,2268,2097,171,4.27%,53097,49456,3641,56
2016-03,,,,27096,25479,1617,50.43%,8353,8221,132,15.55%,9543,8489,1054,17.76%,6259,5507,752,11.65%,115,104,11,0.21%,2365,2182,183,4.40%,53731,49982,3749,56
2016-04,,,,27151,25535,1616,50.60%,8357,8219,138,15.57%,9402,8351,1051,17.52%,6262,5492,770,11.67%,121,110,11,0.23%,2366,2184,182,4.41%,53659,49891,3768,57
2016-05,,,,27204,25579,1625,50.67%,8381,8245,136,15.61%,9342,8305,1037,17.40%,6256,5496,760,11.65%,123,112,11,0.23%,2381,2197,184,4.43%,53687,49934,3753,57
2016-06,,,,27323,25684,1639,50.65%,8376,8242,134,15.53%,9396,8357,1039,17.42%,6314,5544,770,11.70%,124,113,11,0.23%,2414,2234,180,4.47%,53947,50174,3773,57
2016-07,,,,27354,25725,1629,50.74%,8380,8247,133,15.54%,9336,8315,1021,17.32%,6290,5523,767,11.67%,122,111,11,0.23%,2433,2255,178,4.51%,53915,50176,3739,57
2016-08,,,,27412,25779,1633,50.75%,8358,8225,133,15.47%,9329,8307,1022,17.27%,6312,5540,772,11.69%,118,107,11,0.22%,2483,2304,179,4.60%,54012,50262,3750,57
2016-09,,,,27496,25871,1625,50.79%,8342,8210,132,15.41%,9329,8322,1007,17.23%,6333,5550,783,11.70%,116,103,13,0.21%,2518,2329,189,4.65%,54134,50385,3749,57
2016-10,,,,27654,26009,1645,50.82%,8358,8224,134,15.36%,9384,8343,1041,17.25%,6353,5570,783,11.68%,109,97,12,0.20%,2553,2356,197,4.69%,54411,50599,3812,57
2016-11,,,,27698,26047,1651,50.89%,8358,8223,135,15.36%,9362,8310,1052,17.20%,6333,5553,780,11.64%,108,98,10,0.20%,2565,2369,196,4.71%,54424,50600,3824,57
2016-12,,,,27705,26071,1634,51.08%,8352,8219,133,15.40%,9268,8236,1032,17.09%,6244,5472,772,11.51%,102,91,11,0.19%,2564,2371,193,4.73%,54235,50460,3775,57
2017-01,,,,27723,26094,1629,51.14%,8352,8221,131,15.41%,9245,8198,1047,17.05%,6208,5431,777,11.45%,102,90,12,0.19%,2584,2395,189,4.77%,54214,50429,3785,57
2017-02,,,,27751,26114,1637,51.27%,8349,8218,131,15.42%,9185,8150,1035,16.97%,6160,5395,765,11.38%,101,91,10,0.19%,2583,2393,190,4.77%,54129,50361,3768,57
2017-03,,,,27970,26313,1657,51.34%,8368,8240,128,15.36%,9231,8181,1050,16.95%,6182,5401,781,11.35%,103,92,11,0.19%,2621,2435,186,4.81%,54475,50662,3813,57
2017-04,,,,28005,26331,1674,51.45%,8377,8249,128,15.39%,9175,8152,1023,16.85%,6167,5379,788,11.33%,104,92,12,0.19%,2607,2422,185,4.79%,54435,50625,3810,57
2017-05,,,,28048,26374,1674,51.45%,8400,8270,130,15.41%,9133,8108,1025,16.75%,6190,5384,806,11.36%,109,97,12,0.20%,2632,2438,194,4.83%,54512,50671,3841,57
2017-06,,,,28181,26492,1689,51.46%,8435,8306,129,15.40%,9219,8202,1017,16.83%,6195,5394,801,11.31%,108,96,12,0.20%,2625,2432,193,4.79%,54763,50922,3841,57
2017-07,,,,28131,26430,1701,51.49%,8453,8322,131,15.47%,9127,8128,999,16.70%,6195,5380,815,11.34%,110,100,10,0.20%,2621,2434,187,4.80%,54637,50794,3843,57
2017-08,,,,28148,26438,1710,51.66%,8442,8312,130,15.49%,9026,8038,988,16.56%,6153,5341,812,11.29%,105,95,10,0.19%,2618,2433,185,4.80%,54492,50657,3835,57
2017-09,,,,28135,26419,1716,51.73%,8426,8294,132,15.49%,9009,8024,985,16.56%,6117,5308,809,11.25%,105,95,10,0.19%,2599,2420,179,4.78%,54391,50560,3831,57
2017-10,,,,28138,26431,1707,51.84%,8445,8316,129,15.56%,8910,7933,977,16.41%,6085,5265,820,11.21%,112,102,10,0.21%,2593,2404,189,4.78%,54283,50451,3832,57
2017-11,,,,28186,26490,1696,51.81%,8479,8352,127,15.58%,8885,7916,969,16.33%,6126,5293,833,11.26%,105,95,10,0.19%,2624,2441,183,4.82%,54405,50587,3818,57
2017-12,,,,28187,26489,1698,51.77%,8495,8371,124,15.60%,8909,7935,974,16.36%,6093,5267,826,11.19%,109,100,9,0.20%,2656,2479,177,4.88%,54449,50641,3808,57
2018-01,,,,28050,26352,1698,51.88%,8489,8360,129,15.70%,8729,7771,958,16.15%,6034,5230,804,11.16%,100,91,9,0.18%,2662,2474,188,4.92%,54064,50278,3786,57
2018-02,,,,28051,26359,1692,51.78%,8510,8384,126,15.71%,8722,7751,971,16.10%,6116,5282,834,11.29%,103,93,10,0.19%,2669,2481,188,4.93%,54171,50350,3821,57
2018-03,,,,28324,26619,1705,51.72%,8570,8440,130,15.65%,8839,7826,1013,16.14%,6209,5356,853,11.34%,110,98,12,0.20%,2714,2517,197,4.96%,54766,50856,3910,57
2018-04,,,,28310,26594,1716,51.73%,8579,8451,128,15.68%,8827,7817,1010,16.13%,6182,5332,850,11.30%,109,96,13,0.20%,2718,2515,203,4.97%,54725,50805,3920,57
2018-05,,,,28355,26640,1715,51.61%,8602,8469,133,15.66%,8852,7854,998,16.11%,6259,5379,880,11.39%,102,89,13,0.19%,2768,2560,208,5.04%,54938,50991,3947,57
2018-06,,,,28356,26639,1717,51.63%,8635,8500,135,15.72%,8804,7819,985,16.03%,6231,5350,881,11.34%,111,98,13,0.20%,2788,2579,209,5.08%,54925,50985,3940,57
2018-07,,,,28260,26531,1729,51.60%,8642,8505,137,15.78%,8780,7820,960,16.03%,6193,5317,876,11.31%,113,99,14,0.21%,2780,2568,212,5.08%,54768,50840,3928,57
2018-08,,,,28217,26490,1727,51.60%,8649,8511,138,15.82%,8734,7777,957,15.97%,6192,5308,884,11.32%,122,107,15,0.22%,2765,2555,210,5.06%,54679,50748,3931,58
2018-09,,,,28213,26486,1727,51.60%,8683,8544,139,15.88%,8704,7761,943,15.92%,6199,5309,890,11.34%,117,104,13,0.21%,2763,2555,208,5.05%,54679,50759,3920,57
2018-10,,,,28324,26588,1736,51.72%,8693,8556,137,15.87%,8666,7721,945,15.82%,6186,5311,875,11.30%,115,101,14,0.21%,2782,2572,210,5.08%,54766,50849,3917,57
2018-11,,,,28344,26604,1740,51.73%,8722,8587,135,15.92%,8640,7693,947,15.77%,6185,5305,880,11.29%,116,103,13,0.21%,2782,2564,218,5.08%,54789,50856,3933,57
2018-12,,,,28347,26599,1748,51.75%,8753,8620,133,15.98%,8617,7680,937,15.73%,6171,5298,873,11.26%,112,100,12,0.20%,2781,2551,230,5.08%,54781,50848,3933,57
2019-01,,,,28262,26524,1738,51.75%,8752,8615,137,16.02%,8547,7624,923,15.65%,6156,5278,878,11.27%,111,99,12,0.20%,2788,2564,224,5.10%,54616,50704,3912,57
2019-02,,,,28340,26597,1743,51.76%,8762,8621,141,16.00%,8540,7606,934,15.60%,6179,5297,882,11.29%,108,95,13,0.20%,2821,2595,226,5.15%,54750,50811,3939,57
2019-03,,,,28463,26705,1758,51.83%,8787,8649,138,16.00%,8488,7570,918,15.46%,6214,5313,901,11.32%,115,101,14,0.21%,2850,2630,220,5.19%,54917,50968,3949,57
2019-04,,,,28525,26762,1763,51.90%,8782,8641,141,15.98%,8440,7524,916,15.36%,6223,5337,886,11.32%,112,99,13,0.20%,2877,2656,221,5.23%,54959,51019,3940,57
2019-05,,,,28522,26743,1779,51.84%,8830,8684,146,16.05%,8401,7491,910,15.27%,6241,5344,897,11.34%,112,98,14,0.20%,2914,2677,237,5.30%,55020,51037,3983,58
2019-06,,,,28528,26743,1785,51.91%,8814,8670,144,16.04%,8355,7453,902,15.20%,6203,5305,898,11.29%,110,96,14,0.20%,2942,2708,234,5.35%,54952,50975,3977,58
2019-07,,,,28586,26808,1778,51.84%,8841,8698,143,16.03%,8370,7462,908,15.18%,6234,5325,909,11.31%,115,100,15,0.21%,2996,2761,235,5.43%,55142,51154,3988,58
2019-08,,,,28524,26726,1798,51.86%,8858,8717,141,16.11%,8273,7381,892,15.04%,6228,5300,928,11.32%,113,97,16,0.21%,3004,2752,252,5.46%,55000,50973,4027,58
2019-09,,,,28708,26901,1807,51.91%,8918,8777,141,16.13%,8339,7454,885,15.08%,6196,5269,927,11.20%,113,97,16,0.20%,3029,2781,248,5.48%,55303,51279,4024,58
2019-10,,,,28845,27023,1822,51.94%,8930,8790,140,16.08%,8331,7444,887,15.00%,6275,5317,958,11.30%,113,97,16,0.20%,3046,2813,233,5.48%,55540,51484,4056,58
2019-11,,,,28962,27131,1831,51.96%,8941,8803,138,16.04%,8354,7483,871,14.99%,6295,5320,975,11.29%,114,98,16,0.20%,3074,2844,230,5.51%,55740,51679,4061,58
2019-12,,,,28889,27062,1827,52.09%,8935,8798,137,16.11%,8275,7410,865,14.92%,6209,5244,965,11.20%,113,97,16,0.20%,3038,2811,227,5.48%,55459,51422,4037,58
2020-01,,,,28805,26981,1824,52.26%,8914,8775,139,16.17%,8166,7320,846,14.81%,6103,5162,941,11.07%,113,96,17,0.21%,3020,2797,223,5.48%,55121,51131,3990,58
2020-02,,,,28850,27038,1812,52.34%,8937,8798,139,16.21%,8123,7280,843,14.74%,6087,5156,931,11.04%,112,98,14,0.20%,3015,2797,218,5.47%,55124,51167,3957,58
2020-03,,,,28831,27029,1802,52.49%,8929,8791,138,16.26%,8003,7170,833,14.57%,6038,5127,911,10.99%,113,100,13,0.21%,3010,2790,220,5.48%,54924,51007,3917,58
2020-04,,,,28445,26688,1757,53.12%,8843,8708,135,16.51%,7604,6826,778,14.20%,5713,4868,845,10.67%,104,93,11,0.19%,2844,2643,201,5.31%,53553,49826,3727,58
2020-05,,,,28055,26334,1721,54.06%,8716,8585,131,16.80%,7052,6357,695,13.59%,5340,4585,755,10.29%,97,87,10,0.19%,2632,2454,178,5.07%,51892,48402,3490,58
2020-06,,,,27685,25987,1698,54.16%,8612,8485,127,16.85%,6905,6222,683,13.51%,5226,4488,738,10.22%,92,82,10,0.18%,2599,2409,190,5.08%,51119,47673,3446,58
2020-07,,,,27386,25698,1688,54.39%,8515,8389,126,16.91%,6755,6102,653,13.42%,5075,4346,729,10.08%,88,78,10,0.17%,2533,2350,183,5.03%,50352,46963,3389,58
2020-08,,,,27103,25438,1665,54.48%,8433,8306,127,16.95%,6596,5969,627,13.26%,5042,4318,724,10.13%,88,78,10,0.18%,2491,2315,176,5.01%,49753,46424,3329,58
2020-09,,,,26865,25213,1652,54.52%,8354,8230,124,16.95%,6507,5892,615,13.21%,4993,4281,712,10.13%,92,81,11,0.19%,2461,2284,177,4.99%,49272,45981,3291,58
2020-10,,,,26569,24928,1641,54.96%,8265,8140,125,17.10%,6260,5690,570,12.95%,4792,4114,678,9.91%,83,74,9,0.17%,2371,2202,169,4.90%,48340,45148,3192,58
2020-11,,,,26445,24815,1630,55.05%,8222,8099,123,17.11%,6189,5635,554,12.88%,4775,4089,686,9.94%,79,70,9,0.16%,2330,2166,164,4.85%,48040,44874,3166,58
2020-12,,,,26257,24650,1607,55.15%,8194,8073,121,17.21%,6097,5558,539,12.81%,4687,4018,669,9.84%,78,68,10,0.16%,2295,2129,166,4.82%,47608,44496,3112,58
2021-01,,,,25980,24396,1584,55.36%,8136,8019,117,17.34%,5922,5412,510,12.62%,4583,3935,648,9.76%,78,70,8,0.17%,2234,2077,157,4.76%,46933,43909,3024,58
2021-02,,,,25773,24217,1556,55.50%,8072,7957,115,17.38%,5806,5311,495,12.50%,4497,3861,636,9.68%,74,65,9,0.16%,2216,2063,153,4.77%,46438,43474,2964,58
2021-03,,,,25640,24103,1537,55.48%,8036,7918,118,17.39%,5752,5277,475,12.45%,4489,3843,646,9.71%,75,66,9,0.16%,2221,2061,160,4.81%,46213,43268,2945,58
2021-04,,,,25560,24034,1526,55.44%,7998,7885,113,17.35%,5730,5262,468,12.43%,4497,3851,646,9.75%,80,70,10,0.17%,2237,2059,178,4.85%,46102,43161,2941,58
2021-05,,,,25556,24031,1525,55.32%,8014,7900,114,17.35%,5738,5276,462,12.42%,4558,3917,641,9.87%,83,74,9,0.18%,2250,2079,171,4.87%,46199,43277,2922,58
2021-06,,,,25687,24158,1529,55.27%,8038,7922,116,17.29%,5801,5329,472,12.48%,4589,3940,649,9.87%,85,75,10,0.18%,2276,2106,170,4.90%,46476,43530,2946,58
2021-07,,,,25747,24201,1546,55.33%,8057,7939,118,17.31%,5801,5322,479,12.47%,4568,3911,657,9.82%,86,76,10,0.18%,2275,2105,170,4.89%,46534,43554,2980,58
2021-08,,,,25766,24214,1552,55.34%,8084,7966,118,17.36%,5760,5279,481,12.37%,4584,3930,654,9.85%,84,74,10,0.18%,2281,2115,166,4.90%,46559,43578,2981,58
2021-09,,,,25749,24201,1548,55.26%,8106,7986,120,17.40%,5748,5258,490,12.34%,4599,3949,650,9.87%,84,75,9,0.18%,2309,2140,169,4.96%,46595,43609,2986,58
2021-10,,,,25765,24206,1559,55.20%,8132,8011,121,17.42%,5748,5244,504,12.31%,4625,3969,656,9.91%,80,70,10,0.17%,2328,2154,174,4.99%,46678,43654,3024,58
2021-11,,,,25817,24261,1556,55.18%,8145,8021,124,17.41%,5778,5264,514,12.35%,4635,3979,656,9.91%,77,66,11,0.16%,2333,2164,169,4.99%,46785,43755,3030,58
2021-12,,,,25921,24370,1551,55.25%,8172,8045,127,17.42%,5739,5230,509,12.23%,4631,3971,660,9.87%,84,72,12,0.18%,2371,2199,172,5.05%,46918,43887,3031,58
2022-01,,,,25774,24235,1539,55.35%,8140,8010,130,17.48%,5642,5137,505,12.12%,4580,3927,653,9.84%,88,76,12,0.19%,2341,2167,174,5.03%,46565,43552,3013,58
2022-02,,,,25841,24291,1550,55.41%,8140,8009,131,17.45%,5600,5100,500,12.01%,4594,3935,659,9.85%,86,75,11,0.18%,2377,2201,176,5.10%,46638,43611,3027,58
2022-03,,,,25968,24395,1573,55.34%,8182,8049,133,17.44%,5633,5110,523,12.00%,4636,3974,662,9.88%,96,83,13,0.20%,2410,2208,202,5.14%,46925,43819,3106,58
2022-04,,,,26058,24466,1592,55.30%,8256,8121,135,17.52%,5643,5112,531,11.97%,4634,3971,663,9.83%,96,83,13,0.20%,2437,2240,197,5.17%,47124,43993,3131,58
2022-05,,,,26264,24650,1614,55.23%,8312,8178,134,17.48%,5686,5122,564,11.96%,4652,3983,669,9.78%,93,80,13,0.20%,2543,2340,203,5.35%,47550,44353,3197,58
2022-06,,,,26346,24721,1625,55.22%,8357,8225,132,17.52%,5668,5089,579,11.88%,4661,3970,691,9.77%,96,85,11,0.20%,2584,2364,220,5.42%,47712,44454,3258,58
2022-07,,,,26354,24732,1622,55.26%,8371,8237,134,17.55%,5611,5040,571,11.77%,4656,3986,670,9.76%,97,87,10,0.20%,2601,2378,223,5.45%,47690,44460,3230,58
2022-08,,,,26641,25011,1630,55.78%,8386,8248,138,17.56%,5760,5170,590,12.06%,4313,3649,664,9.03%,88,79,9,0.18%,2574,2345,229,5.39%,47762,44502,3260,58
2022-09,,,,26460,24818,1642,55.25%,8451,8314,137,17.65%,5576,5007,569,11.64%,4650,3967,683,9.71%,94,84,10,0.20%,2661,2433,228,5.56%,47892,44623,3269,58
2022-10,,,,26568,24908,1660,55.23%,8498,8361,137,17.66%,5582,5001,581,11.60%,4633,3951,682,9.63%,99,90,9,0.21%,2727,2491,236,5.67%,48107,44802,3305,58
2022-11,,,,26659,24989,1670,55.20%,8553,8416,137,17.71%,5596,5016,580,11.59%,4639,3946,693,9.61%,98,89,9,0.20%,2752,2514,238,5.70%,48297,44970,3327,58
2022-12,,,,26718,25039,1679,55.17%,8592,8454,138,17.74%,5600,5025,575,11.56%,4632,3932,700,9.57%,94,85,9,0.19%,2789,2544,245,5.76%,48425,45079,3346,58
2023-01,,,,26706,25029,1677,55.11%,8577,8440,137,17.70%,5597,5030,567,11.55%,4684,3968,716,9.67%,88,79,9,0.18%,2810,2574,236,5.80%,48462,45120,3342,58
2023-02,,,,26828,25136,1692,55.12%,8639,8504,135,17.75%,5593,5019,574,11.49%,4692,3975,717,9.64%,87,79,8,0.18%,2837,2599,238,5.83%,48676,45312,3364,58
2023-03,,,,27046,25325,1721,55.02%,8700,8566,134,17.70%,5633,5050,583,11.46%,4761,4015,746,9.69%,84,76,8,0.17%,2932,2689,243,5.96%,49156,45721,3435,58
2023-04,,,,27151,25415,1736,55.16%,8721,8585,136,17.72%,5593,4998,595,11.36%,4734,3973,761,9.62%,84,77,7,0.17%,2942,2698,244,5.98%,49225,45746,3479,58
2023-05,,,,27322,25560,1762,55.55%,8769,8629,140,17.83%,5466,4871,595,11.11%,4677,3926,751,9.51%,83,73,10,0.17%,2866,2626,240,5.83%,49183,45685,3498,58
2023-06,,,,27452,25673,1779,55.57%,8838,8695,143,17.89%,5475,4889,586,11.08%,4661,3905,756,9.44%,78,69,9,0.16%,2893,2651,242,5.86%,49397,45882,3515,58
2023-07,,,,27372,25602,1770,55.51%,8839,8695,144,17.92%,5455,4876,579,11.06%,4671,3906,765,9.47%,77,68,9,0.16%,2900,2653,247,5.88%,49314,45800,3514,58
2023-08,,,,27447,25670,1777,55.39%,8873,8730,143,17.91%,5478,4876,602,11.06%,4687,3918,769,9.46%,77,69,8,0.16%,2986,2733,253,6.03%,49548,45996,3552,58
2023-09,,,,27565,25785,1780,55.40%,8926,8781,145,17.94%,5462,4863,599,10.98%,4705,3907,798,9.46%,82,73,9,0.16%,3020,2757,263,6.07%,49760,46166,3594,58
2023-10,,,,27737,25958,1779,55.27%,8984,8840,144,17.90%,5538,4932,606,11.04%,4768,3970,798,9.50%,81,72,9,0.16%,3075,2812,263,6.13%,50183,46584,3599,58
2023-11,,,,27883,26095,1788,55.23%,9030,8886,144,17.89%,5616,4977,639,11.12%,4788,3986,802,9.48%,79,71,8,0.16%,3088,2819,269,6.12%,50484,46834,3650,58
2023-12,,,,27975,26164,1811,55.33%,9089,8947,142,17.98%,5572,4935,637,11.02%,4795,3981,814,9.48%,78,71,7,0.15%,3052,2788,264,6.04%,50561,46886,3675,58
2024-01,,,,28023,26205,1818,55.41%,9102,8961,141,18.00%,5538,4891,647,10.95%,4803,3991,812,9.50%,75,68,7,0.15%,3030,2776,254,5.99%,50571,46892,3679,58
2024-02,,,,28107,26270,1837,55.48%,9117,8978,139,18.00%,5520,4875,645,10.90%,4797,3983,814,9.47%,76,69,7,0.15%,3043,2786,257,6.01%,50660,46961,3699,58
2024-03,,,,28280,26418,1862,55.57%,9150,9005,145,17.98%,5502,4867,635,10.81%,4802,3980,822,9.44%,76,67,9,0.15%,3080,2819,261,6.05%,50890,47156,3734,58
2024-04,,,,28454,26583,1871,55.63%,9174,9028,146,17.94%,5534,4891,643,10.82%,4815,3986,829,9.41%,77,67,10,0.15%,3094,2825,269,6.05%,51148,47380,3768,58
2024-05,,,,28508,26633,1875,55.55%,9222,9073,149,17.97%,5538,4895,643,10.79%,4858,4027,831,9.47%,75,64,11,0.15%,3123,2840,283,6.08%,51324,47532,3792,58
2024-06,,,,28591,26726,1865,55.57%,9221,9075,146,17.92%,5537,4900,637,10.76%,4865,4049,816,9.46%,78,66,12,0.15%,3161,2875,286,6.14%,51453,47691,3762,58
2024-07,,,,28609,26753,1856,55.66%,9206,9061,145,17.91%,5499,4862,637,10.70%,4847,4030,817,9.43%,82,71,11,0.16%,3160,2886,274,6.15%,51403,47663,3740,58
2024-08,,,,28689,26818,1871,55.80%,9202,9058,144,17.90%,5427,4811,616,10.56%,4871,4043,828,9.47%,78,67,11,0.15%,3148,2872,276,6.12%,51415,47669,3746,58
2024-09,,,,28776,26896,1880,55.77%,9233,9087,146,17.89%,5416,4784,632,10.50%,4915,4077,838,9.53%,78,66,12,0.15%,3180,2907,273,6.16%,51598,47817,3781,58
2024-10,,,,28849,26939,1910,55.86%,9243,9095,148,17.90%,5362,4738,624,10.38%,4927,4076,851,9.54%,83,71,12,0.16%,3180,2904,276,6.16%,51644,47823,3821,58
2024-11,,,,28853,26946,1907,55.93%,9235,9088,147,17.90%,5304,4686,618,10.28%,4914,4067,847,9.52%,87,73,14,0.17%,3198,2930,268,6.20%,51591,47790,3801,58
2024-12,,,,28952,27022,1930,56.03%,9239,9095,144,17.88%,5284,4671,613,10.23%,4926,4087,839,9.53%,85,72,13,0.16%,3188,2920,268,6.17%,51674,47867,3807,58
2025-01,,,,28965,27016,1949,56.07%,9233,9090,143,17.87%,5245,4638,607,10.15%,4907,4060,847,9.50%,87,73,14,0.17%,3218,2945,273,6.23%,51655,47822,3833,58
2025-02,,,,29058,27095,1963,56.16%,9235,9092,143,17.85%,5239,4636,603,10.13%,4888,4043,845,9.45%,84,70,14,0.16%,3235,2970,265,6.25%,51739,47906,3833,58
2025-03,,,,29191,27215,1976,56.24%,9234,9094,140,17.79%,5284,4664,620,10.18%,4844,4010,834,9.33%,87,72,15,0.17%,3261,2998,263,6.28%,51901,48053,3848,58
2025-04,,,,29331,27330,2001,56.31%,9257,9115,142,17.77%,5270,4645,625,10.12%,4846,4012,834,9.30%,85,71,14,0.16%,3296,3033,263,6.33%,52085,48206,3879,58
2025-05,,,,29539,27514,2025,56.18%,9318,9175,143,17.72%,5335,4695,640,10.15%,4908,4059,849,9.33%,87,73,14,0.17%,3393,3129,264,6.45%,52580,48645,3935,58
2025-06,,,,29647,27614,2033,56.28%,9338,9193,145,17.73%,5345,4694,651,10.15%,4893,4036,857,9.29%,88,73,15,0.17%,3369,3095,274,6.40%,52680,48705,3975,58
2025-07,,,,29663,27631,2032,56.22%,9370,9224,146,17.76%,5373,4706,667,10.18%,4880,4010,870,9.25%,92,77,15,0.17%,3387,3111,276,6.42%,52765,48759,4006,62
2025-08,,,,29664,27630,2034,56.28%,9369,9227,142,17.78%,5349,4680,669,10.15%,4860,4013,847,9.22%,90,74,16,0.17%,3375,3091,284,6.40%,52707,48715,3992,62
2025-09,,,,29787,27742,2045,56.13%,9413,9269,144,17.74%,5428,4742,686,10.23%,4905,4045,860,9.24%,86,72,14,0.16%,3445,3159,286,6.49%,53064,49029,4035,62
2025-10,,,,29872,27801,2071,56.14%,9462,9313,149,17.78%,5455,4772,683,10.25%,4845,4008,837,9.11%,90,76,14,0.17%,3486,3197,289,6.55%,53210,49167,4043,62
2025-11,,,,29885,27809,2076,56.15%,9490,9340,150,17.83%,5446,4765,681,10.23%,4837,3996,841,9.09%,90,76,14,0.17%,3474,3177,297,6.53%,53222,49163,4059,62
2025-12,,,,29947,27860,2087,56.18%,9483,9335,148,17.79%,5463,4773,690,10.25%,4851,4015,836,9.10%,87,74,13,0.16%,3475,3168,307,6.52%,53306,49225,4081,62
2026-01,,,,29838,27769,2069,56.20%,9463,9313,150,17.82%,5409,4719,690,10.19%,4827,3987,840,9.09%,86,75,11,0.16%,3466,3154,312,6.53%,53089,49017,4072,62
2026-02,,,,29906,27837,2069,56.27%,9492,9345,147,17.86%,5404,4717,687,10.17%,4799,3963,836,9.03%,86,76,10,0.16%,3464,3154,310,6.52%,53151,49092,4059,62
2026-03,,,,30058,27991,2067,56.30%,9561,9413,148,17.91%,5452,4775,677,10.21%,4789,3980,809,8.97%,90,78,12,0.17%,3443,3137,306,6.45%,53393,49374,4019,62
2026-04,,,,30138,28063,2075,56.39%,9598,9447,151,17.96%,5409,4738,671,10.12%,4771,3971,800,8.93%,92,79,13,0.17%,3434,3140,294,6.43%,53442,49438,4004,62
2026-05,,,,30174,28085,2089,56.53%,9621,9467,154,18.02%,5360,4703,657,10.04%,4746,3944,802,8.89%,96,82,14,0.18%,3381,3093,288,6.33%,53378,49374,4004,62
2026-06,,,,30170,28070,2100,56.43%,9663,9505,158,18.07%,5386,4725,661,10.07%,4723,3932,791,8.83%,91,79,12,0.17%,3433,3141,292,6.42%,53466,49452,4014,62