report,teens_male_pop,teens_female_pop,teens_pop,twenties_male_pop,twenties_female_pop,twenties_pop,thirties_male_pop,thirties_female_pop,thirties_pop,forties_male_pop,forties_female_pop,forties_pop,fifties_male_pop,fifties_female_pop,fifties_pop,sixties_male_pop,sixties_female_pop,sixties_pop,70_plus_male_pop,70_plus_female_pop,70_plus_pop,current_age_reported_male,current_age_reported_female,current_age_reported,current_age_not_reported_male,current_age_not_reported_female,current_age_not_reported,total_male_pop,total_female_pop,total_pop,50_plus_yoa,50_plus_yoa_p
Admissions_CY_2005,1890,73,1963,6296,562,6858,4914,651,5565,3376,468,3844,864,88,952,136,5,141,14,1,15,17490,1848,19338,0,0,0,17490,1848,19338,1108,5.73%
Admissions_CY_2006,2006,124,2130,6927,774,7701,5376,943,6319,4014,704,4718,1122,135,1257,143,9,152,24,2,26,19612,2691,22303,0,0,0,19612,2691,22303,1435,6.43%
Admissions_CY_2007,2110,113,2223,6715,621,7336,5044,726,5770,3876,588,4464,1106,101,1207,146,4,150,21,0,21,19018,2153,21171,0,0,0,19018,2153,21171,1378,6.51%
Admissions_CY_2008,760,31,791,6381,707,7088,4399,787,5186,3332,637,3969,1228,155,1383,181,16,197,26,1,27,16307,2334,18641,0,0,0,16307,2334,18641,1607,8.62%
Admissions_CY_2009,842,37,879,7478,727,8205,5195,739,5934,3756,633,4389,1494,195,1689,235,13,248,36,0,36,19036,2344,21380,0,0,0,19036,2344,21380,1973,9.23%
Admissions_CY_2010,808,22,830,7146,672,7818,4875,730,5605,3421,581,4002,1516,166,1682,221,24,245,28,3,31,18015,2198,20213,0,0,0,18015,2198,20213,1958,9.69%
Admissions_CY_2011,772,18,790,7303,586,7889,5400,629,6029,3604,528,4132,1707,166,1873,281,22,303,36,3,39,19103,1952,21055,0,0,0,19103,1952,21055,2215,10.52%
Admissions_CY_2012,793,19,812,7766,642,8408,5794,712,6506,3752,553,4305,1849,187,2036,316,19,335,43,0,43,20313,2132,22445,0,0,0,20313,2132,22445,2414,10.76%
Admissions_CY_2013,678,31,709,7042,674,7716,5271,731,6002,3226,548,3774,1576,197,1773,327,28,355,44,1,45,18164,2210,20374,0,0,0,18164,2210,20374,2173,10.67%
Admissions_CY_2014,537,20,557,6404,659,7063,5115,742,5857,2961,463,3424,1510,222,1732,307,21,328,43,1,44,16877,2128,19005,0,0,0,16877,2128,19005,2104,11.07%
Admissions_CY_2015,465,19,484,5824,600,6424,4839,761,5600,2667,431,3098,1488,199,1687,324,24,348,38,6,44,15645,2040,17685,0,0,0,15645,2040,17685,2079,11.76%
Admissions_CY_2016,530,19,549,5683,632,6315,4970,784,5754,2808,449,3257,1592,191,1783,359,27,386,48,5,53,15990,2107,18097,0,0,0,15990,2107,18097,2222,12.28%
Admissions_CY_2017,498,20,518,5252,594,5846,4879,738,5617,2671,435,3106,1548,163,1711,354,26,380,57,1,58,15259,1977,17236,0,0,0,15259,1977,17236,2149,12.47%
Admissions_CY_2018,468,35,503,5299,642,5941,5110,868,5978,2904,526,3430,1711,215,1926,396,37,433,58,6,64,15946,2329,18275,0,0,0,15946,2329,18275,2423,13.26%
Admissions_CY_2019,443,26,469,5303,626,5929,5424,828,6252,3205,489,3694,1763,219,1982,526,42,568,70,3,73,16734,2233,18967,0,0,0,16734,2233,18967,2623,13.83%
Admissions_CY_2020,177,11,188,2773,311,3084,3145,450,3595,1824,258,2082,900,126,1026,264,19,283,30,2,32,9113,1177,10290,0,0,0,9113,1177,10290,1341,13.03%
Admissions_CY_2021,207,6,213,3579,299,3878,4163,571,4734,2528,337,2865,1267,141,1408,423,30,453,59,1,60,12226,1385,13611,0,0,0,12226,1385,13611,1921,14.11%
Admissions_CY_2022,229,22,251,3674,405,4079,4442,673,5115,2741,419,3160,1443,172,1615,477,44,521,85,2,87,13091,1737,14828,0,0,0,13091,1737,14828,2223,14.99%
Admissions_CY_2023,249,18,267,3696,360,4056,4460,683,5143,2926,458,3384,1536,188,1724,524,45,569,75,2,77,13466,1754,15220,0,0,0,13466,1754,15220,2370,15.57%
Admissions_CY_2024,272,15,287,3410,389,3799,4216,651,4867,2825,408,3233,1417,190,1607,590,62,652,92,4,96,12822,1719,14541,0,0,0,12822,1719,14541,2355,16.20%
Admissions_CY_2025,225,12,237,3067,393,3460,3917,727,4644,2791,455,3246,1385,217,1602,591,63,654,98,5,103,12074,1872,13946,0,0,0,12074,12074,13946,2359,16.92%
Releases_CY_2005,796,47,843,5883,486,6369,4739,726,5465,3598,539,4137,986,107,1093,161,7,168,44,0,44,16207,1912,18119,0,0,0,16207,1912,18119,1305,7.20%
Releases_CY_2006,741,46,787,5587,549,6136,4875,742,5617,3862,581,4443,1170,111,1281,205,11,216,37,2,39,16477,2042,18519,0,0,0,16477,2042,18519,1536,8.29%
Releases_CY_2007,715,45,760,5956,567,6523,4945,738,5683,3960,619,4579,1322,133,1455,238,12,250,46,2,48,17182,2116,19298,0,0,0,17182,2116,19298,1753,9.08%
Releases_CY_2008,159,8,167,6054,587,6641,5645,728,6373,4306,683,4989,1696,183,1879,315,14,329,62,2,64,18237,2205,20442,0,0,0,18237,2205,20442,2272,11.11%
Releases_CY_2009,101,5,106,5657,509,6166,5868,819,6687,4443,693,5136,2079,245,2324,374,25,399,106,2,108,18628,2298,20926,71,0,71,18699,2298,20997,2831,13.53%
Releases_CY_2010,212,10,222,6443,562,7005,5959,745,6704,4355,686,5041,2082,249,2331,382,25,407,71,2,73,19504,2279,21783,0,0,0,19504,2279,21783,2811,12.90%
Releases_CY_2011,200,2,202,6353,505,6858,5929,685,6614,4149,618,4767,2164,238,2402,445,29,474,69,2,71,19309,2079,21388,2,0,2,19311,2079,21390,2947,13.78%
Releases_CY_2012,161,2,163,5666,526,6192,5380,677,6057,3628,553,4181,2057,176,2233,383,27,410,71,8,79,17346,1969,19315,1,0,1,17347,1969,19316,2722,14.09%
Releases_CY_2013,175,5,180,6333,490,6823,6027,713,6740,3914,579,4493,2118,258,2376,436,34,470,83,1,84,19086,2080,21166,0,0,0,19086,2080,21166,2930,13.84%
Releases_CY_2014,128,5,133,5757,561,6318,5580,760,6340,3473,553,4026,2140,247,2387,482,33,515,77,5,82,17637,2164,19801,0,0,0,17637,2164,19801,2984,15.07%
Releases_CY_2015,136,7,143,5101,505,5606,5079,729,5808,3123,436,3559,1887,247,2134,504,28,532,102,4,106,15932,1956,17888,0,0,0,15932,1956,17888,2772,15.50%
Releases_CY_2016,99,2,101,4461,512,4973,4974,713,5687,2952,448,3400,1927,213,2140,505,43,548,86,4,90,15004,1935,16939,0,0,0,15004,1935,16939,2778,16.40%
Releases_CY_2017,92,4,96,4499,488,4987,5196,715,5911,3024,485,3509,1885,208,2093,530,36,566,99,6,105,15325,1942,17267,1,0,1,15326,1942,17268,2764,16.01%
Releases_CY_2018,93,4,97,4616,496,5112,5573,863,6436,3264,543,3807,2003,249,2252,621,36,657,161,5,166,16331,2196,18527,0,0,0,16331,2196,18527,3075,16.60%
Releases_CY_2019,68,5,73,4235,515,4750,5403,808,6211,3280,497,3777,2074,245,2319,690,53,743,126,9,135,15876,2132,18008,0,0,0,15876,2132,18008,3197,17.75%
Releases_CY_2020,71,5,76,4029,455,4484,5662,820,6482,3500,531,4031,2011,252,2263,743,61,804,153,10,163,16169,2134,18303,0,0,0,16169,2134,18303,3230,17.65%
Releases_CY_2021,29,2,31,2907,280,3187,4232,581,4813,2791,329,3120,1650,181,1831,615,50,665,134,2,136,12358,1425,13783,0,0,0,12358,1425,13783,2632,19.10%
Releases_CY_2022,25,1,26,2723,251,2974,4248,585,4833,2708,374,3082,1447,171,1618,645,43,688,137,3,140,11933,1428,13361,0,0,0,11933,1428,13361,2446,18.31%
Releases_CY_2023,33,2,35,2593,259,2852,4161,577,4738,2712,381,3093,1583,196,1779,641,54,695,112,3,115,11835,1472,13307,0,0,0,11835,1472,13307,2589,19.46%
Releases_CY_2024,41,4,45,2474,268,2742,4243,602,4845,2904,446,3350,1506,181,1687,693,67,760,151,3,154,12012,1571,13583,0,0,0,12012,1571,13583,2601,19.15%
Releases_CY_2025,37,2,39,2315,271,2586,4149,605,4754,2965,429,3394,1670,219,1889,784,68,852,198,12,210,12118,1606,13724,0,0,0,12118,12118,13724,2951,21.50%