report,white_male_pop,white_female_pop,white_pop,black_male_pop,black_female_pop,black_pop,asian_male_pop,asian_female_pop,asian_pop,indian_male_pop,indian_female_pop,indian_pop,hispanic_male_pop,hispanic_female_pop,hispanic_pop,native_american_male_pop,native_american_female_pop,native_american_pop,native_hawaiian_male_pop,native_hawaiian_female_pop,native_hawaiian_pop,race_unknown_male_pop,race_unknown_female_pop,race_unknown_pop,race_other_male_pop,race_other_female_pop,race_other_pop,race_not_reported_male_pop,race_not_reported_female_pop,race_not_reported_pop,race_reported_male_pop,race_reported_female_pop,race_reported
2005-07,16465,1308,17773,28506,1375,29881,42,2,44,50,2,52,,,,,,,,,,,,,,,,169,6,175,45063,2687,47750
2005-08,16437,1321,17758,28477,1395,29872,44,2,46,52,2,54,,,,,,,,,,,,,,,,176,6,182,45010,2720,47730
2005-09,16364,1345,17709,28350,1406,29756,47,3,50,50,2,52,,,,,,,,,,,,,,,,179,6,185,44811,2756,47567
2005-10,16294,1360,17654,28145,1398,29543,45,3,48,52,2,54,,,,,,,,,,,,,,,,177,7,184,44536,2763,47299
2005-11,16591,1402,17993,28557,1414,29971,45,3,48,51,2,53,,,,,,,,,,,,,,,,181,7,188,45244,2821,48065
2005-12,16737,1403,18140,28810,1436,30246,42,3,45,53,2,55,,,,,,,,,,,,,,,,181,7,188,45642,2844,48486
2006-01,16821,1436,18257,28749,1444,30193,43,3,46,51,2,53,,,,,,,,,,,,,,,,192,8,200,45664,2885,48549
2006-02,16976,1577,18553,28978,1485,30463,46,3,49,51,2,53,,,,,,,,,,,,,,,,193,10,203,46051,3067,49118
2006-03,17200,1680,18880,29179,1593,30772,42,3,45,53,2,55,,,,,,,,,,,,,,,,189,12,201,46474,3278,49752
2006-04,17386,1741,19127,29409,1603,31012,45,3,48,54,2,56,,,,,,,,,,,,,,,,203,11,214,46894,3349,50243
2006-06,18126,1845,19971,30675,1644,32319,44,3,47,59,2,61,,,,,,,,,,,,,,,,223,14,237,48904,3494,52398
2006-07,18226,1881,20107,30527,1674,32201,44,3,47,61,4,65,,,,,,,,,,,,,,,,225,14,239,48858,3562,52420
2006-08,18042,1886,19928,30323,1657,31980,43,4,47,57,4,61,,,,,,,,,,,,,,,,226,17,243,48465,3551,52016
2006-09,18170,1906,20076,30385,1639,32024,41,4,45,60,4,64,,,,,,,,,,,,,,,,229,15,244,48656,3553,52209
2006-10,18141,1901,20042,30416,1644,32060,42,4,46,59,4,63,,,,,,,,,,,,,,,,231,15,246,48658,3553,52211
2006-11,17960,1878,19838,30224,1614,31838,41,4,45,58,4,62,,,,,,,,,,,,,,,,225,14,239,48283,3500,51783
2006-12,18274,1893,20167,30630,1641,32271,42,4,46,60,4,64,,,,,,,,,,,,,,,,229,15,244,49006,3542,52548
2007-01,18042,1886,19928,30213,1633,31846,43,4,47,59,4,63,,,,,,,,,,,,,,,,231,14,245,48357,3527,51884
2007-02,17981,1871,19852,30119,1643,31762,42,4,46,58,4,62,,,,,,,,,,,,,,,,226,14,240,48200,3522,51722
2007-03,18153,1886,20039,30444,1666,32110,41,3,44,55,3,58,,,,,,,,,,,,,,,,229,14,243,48693,3558,52251
2007-04,18297,1894,20191,30561,1645,32206,42,3,45,56,3,59,,,,,,,,,,,,,,,,229,14,243,48956,3545,52501
2007-05,18200,1874,20074,30548,1643,32191,42,3,45,54,2,56,,,,,,,,,,,,,,,,225,13,238,48844,3522,52366
2007-06,18479,1877,20356,30894,1635,32529,42,3,45,54,2,56,,,,,,,,,,,,,,,,227,13,240,49469,3517,52986
2007-07,18398,1870,20268,30926,1628,32554,42,3,45,55,2,57,,,,,,,,,,,,,,,,234,12,246,49421,3503,52924
2007-08,18341,1906,20247,30834,1647,32481,41,3,44,56,3,59,,,,,,,,,,,,,,,,218,12,230,49272,3559,52831
2007-09,18417,1888,20305,30884,1624,32508,44,3,47,56,3,59,,,,,,,,,,,,,,,,219,12,231,49401,3518,52919
2007-10,18563,1937,20500,31069,1621,32690,43,3,46,56,4,60,,,,,,,,,,,,,,,,225,13,238,49731,3565,53296
2007-11,18754,1943,20697,31461,1606,33067,45,3,48,57,4,61,,,,,,,,,,,,,,,,223,15,238,50317,3556,53873
2007-12,18824,1935,20759,31552,1589,33141,50,3,53,58,4,62,,,,,,,,,,,,,,,,227,14,241,50484,3531,54015
2008-01,18839,1955,20794,31523,1609,33132,50,3,53,59,4,63,,,,,,,,,,,,,,,,226,13,239,50471,3571,54042
2008-02,18885,1905,20790,31557,1567,33124,52,3,55,59,1,60,,,,,,,,,,,,,,,,236,13,249,50553,3476,54029
2008-03,18831,1919,20750,31623,1561,33184,52,4,56,61,2,63,,,,,,,,,,,,,,,,240,13,253,50567,3486,54053
2008-04,18796,1886,20682,31687,1569,33256,54,4,58,61,2,63,,,,,,,,,,,,,,,,251,12,263,50598,3461,54059
2008-05,18734,1921,20655,31635,1590,33225,56,5,61,64,1,65,,,,,,,,,,,,,,,,251,11,262,50489,3517,54006
2008-06,18586,1937,20523,31510,1604,33114,58,5,63,63,2,65,,,,,,,,,,,,,,,,240,11,251,50217,3548,53765
2008-07,18317,1959,20276,31281,1629,32910,58,6,64,59,2,61,,,,,,,,,,,,,,,,240,9,249,49715,3596,53311
2008-08,18240,1986,20226,31137,1637,32774,59,6,65,61,2,63,,,,,,,,,,,,,,,,240,9,249,49497,3631,53128
2008-09,17992,1976,19968,30998,1678,32676,61,8,69,60,2,62,,,,,,,,,,,,,,,,239,9,248,49111,3664,52775
2008-10,17986,1985,19971,31141,1669,32810,59,7,66,62,2,64,,,,,,,,,,,,,,,,239,9,248,49248,3663,52911
2008-11,17812,1945,19757,30982,1664,32646,59,7,66,67,2,69,,,,,,,,,,,,,,,,239,8,247,48920,3618,52538
2008-12,17698,1974,19672,30972,1698,32670,57,9,66,68,2,70,,,,,,,,,,,,,,,,232,9,241,48795,3683,52478
2009-01,17691,1950,19641,30919,1708,32627,57,8,65,68,2,70,,,,,,,,,,,,,,,,237,9,246,48735,3668,52403
2009-02,17756,1958,19714,31112,1732,32844,58,8,66,68,2,70,,,,,,,,,,,,,,,,247,11,258,48994,3700,52694
2009-03,17851,1931,19782,31389,1741,33130,57,7,64,65,2,67,,,,,,,,,,,,,,,,245,12,257,49362,3681,53043
2009-04,17934,1912,19846,31579,1722,33301,59,8,67,66,2,68,,,,,,,,,,,,,,,,263,13,276,49638,3644,53282
2009-06,18111,1939,20050,31803,1754,33557,60,8,68,67,3,70,,,,,,,,,,,,,,,,290,14,304,50041,3704,53745
2009-07,18022,1956,19978,31689,1758,33447,61,8,69,67,3,70,,,,,,,,,,,,,,,,303,15,318,49839,3725,53564
2009-08,17670,1947,19617,31422,1773,33195,60,8,68,65,3,68,,,,,,,,,,,,,,,,307,13,320,49217,3731,52948
2009-09,16214,1941,18155,31439,1766,33205,94,2,96,29,2,31,,,,,,,,,,,,,,,,1776,24,1800,47776,3711,51487
2009-10,17604,1947,19551,31473,1783,33256,63,6,69,65,4,69,,,,,,,,,,,,,,,,365,17,382,49205,3740,52945
2009-11,16127,1983,18110,31650,1797,33447,95,2,97,30,2,32,,,,,,,,,,,,,,,,1808,18,1826,47902,3784,51686
2009-12,16127,1983,18110,31650,1797,33447,95,2,97,30,2,32,,,,,,,,,,,,,,,,1808,18,1826,47902,3784,51686
2010-01,15966,1947,17913,31635,1799,33434,99,3,102,33,1,34,,,,,,,,,,,,,,,,1859,21,1880,47733,3750,51483
2010-02,15844,1918,17762,31918,1780,33698,103,4,107,,,,,,,,,,,,,,,,,,,58,0,58,47865,3702,51567
2010-03,15681,1871,17552,31724,1745,33469,99,5,104,,,,2018,39,2057,32,1,33,,,,3,0,3,50,0,50,0,0,0,49618,3661,53279
2010-04,15497,1869,17366,31444,1739,33183,101,5,106,,,,2026,39,2065,29,2,31,,,,3,0,3,48,0,48,0,0,0,49159,3654,52813
2010-05,15477,1876,17353,31350,1757,33107,102,4,106,,,,2063,46,2109,31,2,33,,,,3,0,3,46,0,46,0,0,0,49083,3685,52768
2010-06,15246,1909,17155,31115,1753,32868,102,4,106,,,,2015,50,2065,31,2,33,,,,2,0,2,48,1,49,0,0,0,48570,3721,52291
2010-07,15263,1932,17195,31146,1742,32888,107,4,111,,,,2061,52,2113,31,2,33,,,,2,0,2,47,1,48,0,0,0,48665,3736,52401
2010-08,15401,1973,17375,31261,1744,33005,107,4,111,,,,2031,54,2085,30,3,33,,,,2,1,3,46,2,48,0,0,0,48885,3784,52670
2010-09,15432,1902,17335,31314,1660,32974,111,4,115,,,,2096,53,2149,30,3,33,,,,1,1,2,53,4,57,0,0,0,49037,3627,52665
2010-10,15462,2003,17465,31322,1694,33016,113,4,117,,,,2132,56,2188,31,3,34,,,,1,0,1,54,3,57,0,0,0,49115,3763,52878
2010-11,15450,1973,17423,31197,1683,32880,110,4,114,,,,2109,57,2166,28,4,32,0,1,1,1,0,1,54,3,57,0,0,0,48949,3725,52674
2010-12,15584,2004,17588,31404,1691,33095,109,4,113,,,,2138,62,2200,31,4,35,0,1,1,1,0,1,55,3,58,0,0,0,49322,3769,53091
2011-01,15586,1967,17553,31218,1669,32887,112,4,116,,,,2157,65,2222,28,4,32,0,1,1,1,0,1,53,3,56,0,0,0,49155,3713,52868
2011-02,15619,1980,17599,31179,1677,32856,109,4,113,,,,2192,69,2261,27,4,31,0,1,1,1,1,2,,,,0,0,0,49179,3740,52919
2011-03,15576,1883,17459,31124,1625,32749,118,4,122,,,,2155,70,2225,25,3,28,0,1,1,,,,50,5,55,0,0,0,49048,3591,52639
2011-04,15648,1858,17506,31067,1612,32679,118,3,121,,,,2194,75,2269,27,4,31,0,1,1,,,,48,4,52,0,0,0,49102,3557,52659
2011-05,15659,1869,17528,31135,1630,32765,119,3,122,,,,2222,76,2298,29,4,33,0,1,1,,,,49,4,53,0,0,0,49213,3587,52800
2011-06,15868,1884,17752,31454,1615,33069,124,3,127,,,,2229,77,2306,27,5,32,0,1,1,,,,49,5,54,0,0,0,49751,3590,53341
2011-07,15823,1969,17792,31356,1659,33015,125,4,129,,,,2252,78,2330,26,5,31,0,1,1,,,,47,6,53,0,0,0,49629,3722,53351
2011-08,16235,1998,18233,32402,1689,34091,127,4,131,,,,2330,82,2412,26,5,31,0,1,1,,,,48,6,54,0,0,0,51168,3785,54953
2011-09,16310,1956,18266,32522,1658,34180,129,5,134,,,,2344,82,2426,26,5,31,0,1,1,,,,48,6,54,0,0,0,51379,3713,55092
2011-10,16451,1967,18418,32655,1680,34335,132,5,137,,,,2324,78,2402,26,5,31,0,1,1,1,0,1,48,7,55,0,0,0,51637,3743,55380
2011-11,16329,1983,18312,32453,1662,34115,129,5,134,,,,2349,78,2427,26,5,31,0,1,1,2,0,2,45,8,53,0,0,0,51333,3742,55075
2011-12,16386,1957,18343,32469,1649,34118,124,5,129,,,,2298,79,2377,26,5,31,0,1,1,2,0,2,48,8,56,0,0,0,51353,3704,55057
2012-01,16360,1959,18319,32299,1658,33957,128,5,133,,,,2326,81,2407,25,5,30,0,1,1,2,0,2,47,8,55,0,0,0,51187,3717,54904
2012-02,16607,1998,18605,32768,1688,34456,133,6,139,,,,2363,84,2447,24,5,29,0,1,1,2,0,2,46,7,53,0,0,0,51943,3789,55732
2012-03,16848,2053,18901,33266,1742,35008,145,6,151,,,,2358,82,2440,25,5,30,0,1,1,3,0,3,49,7,56,0,0,0,52694,3896,56590
2012-04,16990,2060,19050,33386,1745,35131,149,6,155,,,,2402,86,2488,24,5,29,0,1,1,2,0,2,49,9,58,0,0,0,53002,3912,56914
2012-05,17146,2069,19215,33550,1754,35304,147,6,153,,,,2449,83,2532,25,5,30,0,1,1,4,0,4,46,10,56,0,0,0,53367,3928,57295
2012-06,17264,2056,19320,33789,1738,35527,150,5,155,,,,2396,79,2475,28,5,33,0,1,1,3,0,3,47,9,56,0,0,0,53677,3893,57570
2012-07,17589,2077,19666,34286,1738,36024,156,5,161,,,,2448,76,2524,27,5,32,0,1,1,3,0,3,47,8,55,0,0,0,54556,3910,58466
2012-08,17458,2086,19544,33930,1728,35658,154,9,163,,,,2463,82,2545,27,5,32,0,1,1,1,0,1,49,9,58,0,0,0,54082,3920,58002
2012-09,17315,2071,19386,33773,1709,35482,145,9,154,,,,2387,77,2464,27,3,30,0,1,1,1,0,1,48,8,56,0,0,0,53696,3878,57574
2012-10,17357,2094,19451,33793,1716,35509,148,10,158,,,,2396,81,2477,29,3,32,0,1,1,1,0,1,51,8,59,0,0,0,53775,3913,57688
2012-11,17337,2091,19428,33685,1715,35400,151,10,161,,,,2409,80,2489,29,2,31,,,,1,0,1,49,7,56,0,0,0,53661,3905,57566
2012-12,17234,2080,19314,33542,1697,35239,151,10,161,,,,2367,76,2443,30,2,32,,,,1,0,1,48,6,54,0,0,0,53373,3871,57244
2013-01,17102,2088,19190,33347,1711,35058,149,10,159,,,,2378,75,2453,31,2,33,,,,2,0,2,49,7,56,0,0,0,53058,3893,56951
2013-02,17029,2068,19097,33079,1703,34782,151,9,160,,,,2385,74,2459,31,2,33,,,,1,0,1,51,7,58,0,0,0,52727,3863,56590
2013-03,16932,2082,19014,32900,1692,34592,148,9,157,,,,2324,70,2394,31,3,34,,,,1,0,1,48,6,54,0,0,0,52384,3862,56246
2013-04,16835,2058,18893,32749,1680,34429,154,9,163,,,,2347,69,2416,29,3,32,,,,2,1,3,45,6,51,0,0,0,52161,3826,55987
2013-05,16756,2033,18789,32631,1648,34279,155,11,166,,,,2355,72,2427,29,3,32,,,,2,0,2,43,9,52,0,0,0,51971,3776,55747
2013-06,16581,2041,18622,32407,1615,34022,154,11,165,,,,2282,71,2353,28,4,32,,,,2,0,2,40,9,49,0,0,0,51494,3751,55245
2013-07,16481,1986,18467,32259,1602,33861,147,11,158,,,,2312,68,2380,29,4,33,,,,2,0,2,39,9,48,0,0,0,51269,3680,54949
2013-08,16427,1974,18401,32114,1570,33684,147,12,159,,,,2325,65,2390,26,5,31,,,,2,0,2,38,9,47,0,0,0,51079,3635,54714
2013-09,16450,1959,18409,32049,1562,33611,136,15,151,,,,2271,64,2335,25,4,29,,,,1,0,1,37,8,45,0,0,0,50969,3612,54581
2013-10,16395,1938,18333,32043,1581,33624,137,14,151,,,,2281,62,2343,24,4,28,,,,1,1,2,36,9,45,0,0,0,50917,3609,54526
2013-11,16331,1937,18268,31922,1567,33489,140,14,154,,,,2275,64,2339,22,4,26,,,,1,1,2,36,9,45,0,0,0,50727,3596,54323
2013-12,16356,1941,18297,31860,1577,33437,139,13,152,,,,2209,63,2272,22,4,26,,,,2,1,3,36,11,47,0,0,0,50624,3610,54234
2014-01,16225,1916,18141,31552,1545,33097,141,12,153,,,,2203,64,2267,23,4,27,,,,2,1,3,40,9,49,0,0,0,50186,3551,53737
2014-02,16016,1896,17912,31215,1513,32728,145,12,157,,,,2214,61,2275,25,2,27,,,,2,1,3,38,6,44,0,0,0,49655,3491,53146
2014-03,15976,1897,17873,31157,1504,32661,144,12,156,,,,2181,54,2235,25,2,27,,,,2,1,3,39,6,45,0,0,0,49524,3476,53000
2014-04,16001,1913,17914,31112,1503,32615,146,11,157,,,,2205,57,2262,24,2,26,,,,2,1,3,37,6,43,0,0,0,49527,3493,53020
2014-05,16022,1919,17941,31193,1511,32704,156,11,167,,,,2229,57,2286,25,2,27,,,,2,1,3,38,6,44,0,0,0,49665,3507,53172
2014-06,16045,1899,17944,31194,1503,32697,160,10,170,,,,2188,55,2243,25,1,26,,,,4,1,5,39,7,46,0,0,0,49655,3476,53131
2014-08,16012,1929,17941,31209,1533,32742,161,11,172,,,,2207,54,2261,25,1,26,,,,6,0,6,42,7,49,0,0,0,49662,3535,53197
2014-09,16043,1919,17962,31134,1526,32660,157,11,168,,,,2147,54,2201,26,1,27,1,0,1,5,0,5,43,7,50,0,0,0,49556,3518,53074
2014-10,16149,1935,18084,31203,1546,32749,163,11,174,,,,2135,57,2192,24,1,25,1,0,1,5,0,5,42,7,49,0,0,0,49722,3557,53279
2014-11,16098,1919,18017,31099,1524,32623,162,13,175,,,,2130,57,2187,24,1,25,1,0,1,6,0,6,45,7,52,0,0,0,49565,3521,53086
2014-12,16188,1932,18120,31189,1525,32714,162,15,177,,,,2103,58,2161,25,1,26,1,0,1,3,0,3,45,6,51,0,0,0,49716,3537,53253
2015-01,16223,1942,18165,31207,1521,32728,163,15,178,,,,2098,59,2157,25,1,26,1,0,1,3,0,3,44,6,50,0,0,0,49764,3544,53308
2015-02,16226,1947,18173,31238,1515,32753,163,14,177,,,,2093,58,2151,25,1,26,1,0,1,4,0,4,41,6,47,0,0,0,49791,3541,53332
2015-03,16317,1980,18297,31353,1524,32877,165,14,179,,,,2065,56,2121,29,1,30,1,0,1,6,0,6,41,6,47,0,0,0,49977,3581,53558
2015-04,16338,1964,18302,31316,1512,32828,162,15,177,,,,2068,55,2123,26,2,28,1,0,1,6,0,6,40,6,46,0,0,0,49957,3554,53511
2015-05,16453,1988,18441,31409,1511,32920,162,13,175,,,,2080,57,2137,27,1,28,1,0,1,8,1,9,42,7,49,0,0,0,50182,3578,53760
2015-06,16505,2013,18518,31463,1525,32988,162,13,175,,,,2044,57,2101,26,1,27,1,0,1,8,1,9,44,7,51,0,0,0,50253,3617,53870
2015-07,16477,2004,18481,31358,1503,32861,163,12,175,,,,2041,57,2098,26,1,27,1,0,1,9,1,10,46,7,53,0,0,0,50121,3585,53706
2015-08,16459,2022,18481,31205,1502,32707,161,12,173,,,,2031,56,2087,27,1,28,1,0,1,7,1,8,45,7,52,0,0,0,49936,3601,53537
2015-09,16409,2062,18471,31178,1513,32691,160,12,172,,,,1990,53,2043,26,1,27,1,0,1,7,1,8,48,6,54,0,0,0,49819,3648,53467
2015-10,16500,2048,18548,31112,1504,32616,161,12,173,,,,1990,53,2043,25,1,26,1,0,1,6,1,7,51,6,57,0,0,0,49846,3625,53471
2015-11,16463,2029,18492,30925,1507,32432,163,11,174,,,,1985,52,2037,24,1,25,1,0,1,5,1,6,49,4,53,0,0,0,49615,3605,53220
2015-12,16479,2016,18495,30840,1503,32343,160,11,171,,,,1958,50,2008,22,1,23,1,0,1,7,1,8,49,4,53,0,0,0,49516,3586,53102
2016-01,16375,2030,18405,30808,1491,32299,160,12,172,,,,1959,54,2013,22,1,23,1,0,1,7,1,8,47,4,51,0,0,0,49379,3593,52972
2016-02,16486,2071,18557,30828,1498,32326,160,11,171,,,,1977,56,2033,21,1,22,,,,9,1,10,49,4,53,0,0,0,49530,3642,53172
2016-03,16724,2152,18876,31158,1526,32684,161,10,171,,,,1943,57,2000,21,1,22,,,,9,1,10,46,3,49,0,0,0,50062,3750,53812
2016-04,16715,2152,18867,31062,1541,32603,159,11,170,,,,1950,58,2008,22,1,23,,,,8,1,9,51,4,55,0,0,0,49967,3768,53735
2016-05,16685,2149,18834,31114,1534,32648,160,9,169,,,,1967,55,2022,24,1,25,,,,8,1,9,51,4,55,0,0,0,50009,3753,53762
2016-06,16730,2152,18882,31327,1556,32883,161,9,170,,,,1949,50,1999,24,1,25,,,,8,1,9,53,5,58,0,0,0,50252,3774,54026
2016-07,16666,2128,18794,31363,1544,32907,169,9,178,,,,1964,50,2014,26,1,27,,,,10,2,12,54,5,59,0,0,0,50252,3739,53991
2016-08,16701,2130,18831,31415,1553,32968,172,10,182,,,,1964,49,2013,25,1,26,,,,9,2,11,55,5,60,0,0,0,50341,3750,54091
2016-09,16764,2153,18917,31481,1531,33012,177,10,187,,,,1952,48,2000,26,1,27,,,,11,1,12,58,5,63,0,0,0,50469,3749,54218
2016-10,16929,2205,19134,31517,1540,33057,180,12,192,,,,1959,47,2006,26,2,28,,,,9,1,10,57,5,62,0,0,0,50677,3812,54489
2016-11,16976,2204,19180,31477,1553,33030,177,12,189,,,,1960,46,2006,25,2,27,1,0,1,8,1,9,57,6,63,0,0,0,50681,3824,54505
2016-12,16898,2176,19074,31465,1534,32999,172,10,182,,,,1917,47,1964,26,2,28,1,0,1,7,1,8,56,5,61,0,0,0,50542,3775,54317
2017-01,16915,2194,19109,31397,1526,32923,172,8,180,,,,1934,48,1982,27,2,29,1,0,1,8,1,9,56,6,62,0,0,0,50510,3785,54295
2017-02,16896,2175,19071,31336,1526,32862,173,8,181,,,,1940,48,1988,27,2,29,1,0,1,8,1,9,57,8,65,0,0,0,50438,3768,54206
2017-03,17060,2193,19253,31485,1552,33037,175,9,184,,,,1926,49,1975,24,1,25,1,0,1,9,1,10,60,8,68,0,0,0,50740,3813,54553
2017-04,17059,2191,19250,31428,1548,32976,176,9,185,,,,1942,53,1995,23,1,24,2,0,2,10,1,11,60,7,67,0,0,0,50700,3810,54510
2017-05,17118,2221,19339,31389,1546,32935,183,10,193,,,,1965,55,2020,24,1,25,2,0,2,9,1,10,59,7,66,0,0,0,50749,3841,54590
2017-06,17257,2218,19475,31503,1552,33055,184,10,194,,,,1968,52,2020,22,1,23,2,0,2,9,2,11,60,7,67,0,0,0,51005,3842,54847
2017-07,17254,2226,19480,31378,1546,32924,181,9,190,,,,1968,52,2020,22,1,23,2,0,2,8,2,10,59,7,66,0,0,0,50872,3843,54715
2017-08,17224,2225,19449,31265,1537,32802,181,9,190,,,,1976,51,2027,21,2,23,1,0,1,8,3,11,58,8,66,0,0,0,50734,3835,54569
2017-09,17196,2211,19407,31227,1547,32774,178,9,187,,,,1945,52,1997,24,2,26,1,0,1,9,3,12,59,7,66,0,0,0,50639,3831,54470
2017-10,17181,2225,19406,31146,1534,32680,177,9,186,,,,1948,54,2002,24,1,25,1,0,1,10,3,13,59,8,67,0,0,0,50546,3834,54380
2017-11,17241,2223,19464,31221,1522,32743,175,9,184,,,,1953,53,2006,25,1,26,1,0,1,11,3,14,61,8,69,0,0,0,50688,3819,54507
2017-12,17302,2220,19522,31211,1514,32725,174,9,183,,,,1941,54,1995,23,1,24,1,0,1,11,3,14,56,7,63,0,0,0,50719,3808,54527
2018-01,17136,2196,19332,31020,1520,32540,175,7,182,,,,1938,53,1991,22,1,23,1,0,1,12,3,15,55,7,62,0,0,0,50359,3787,54146
2018-02,17157,2220,19377,31056,1528,32584,176,7,183,,,,1960,56,2016,22,1,23,1,0,1,10,3,13,54,6,60,0,0,0,50436,3821,54257
2018-03,17375,2293,19668,31316,1547,32863,180,6,186,,,,1979,55,2034,23,0,23,1,0,1,10,3,13,53,6,59,0,0,0,50937,3910,54847
2018-04,17365,2285,19650,31258,1564,32822,177,7,184,,,,2004,55,2059,24,1,25,1,0,1,11,2,13,54,7,61,0,0,0,50894,3921,54815
2018-05,17447,2315,19762,31335,1552,32887,180,10,190,,,,2028,62,2090,24,0,24,1,0,1,9,2,11,55,6,61,0,0,0,51079,3947,55026
2018-06,17421,2307,19728,31361,1550,32911,177,11,188,,,,2026,63,2089,25,1,26,1,0,1,8,2,10,55,6,61,0,0,0,51074,3940,55014
2018-07,17361,2295,19656,31273,1551,32824,179,10,189,,,,2024,64,2088,26,1,27,1,0,1,10,2,12,57,6,63,0,0,0,50931,3929,54860
2018-08,17302,2303,19605,31213,1547,32760,176,10,186,,,,2047,62,2109,25,1,26,1,0,1,12,2,14,57,6,63,0,0,0,50833,3931,54764
2018-09,17330,2299,19629,31203,1540,32743,176,10,186,,,,2045,62,2107,24,1,25,1,0,1,11,2,13,55,6,61,0,0,0,50845,3920,54765
2018-10,17394,2297,19691,31217,1540,32757,178,12,190,,,,2062,59,2121,22,1,23,1,0,1,13,2,15,56,6,62,0,0,0,50943,3917,54860
2018-11,17396,2301,19697,31204,1551,32755,178,12,190,,,,2076,61,2137,24,1,25,1,0,1,14,1,15,55,6,61,0,0,0,50948,3933,54881
2018-12,17418,2308,19726,31191,1544,32735,174,12,186,,,,2062,62,2124,22,1,23,1,0,1,14,1,15,55,5,60,0,0,0,50937,3933,54870
2019-01,17334,2293,19627,31139,1535,32674,173,12,185,,,,2058,64,2122,20,1,21,1,0,1,14,1,15,53,6,59,0,0,0,50792,3912,54704
2019-02,17374,2317,19691,31219,1542,32761,173,11,184,,,,2045,61,2106,21,1,22,,,,16,1,17,53,6,59,0,0,0,50901,3939,54840
2019-03,17422,2338,19760,31328,1532,32860,176,12,188,,,,2039,60,2099,20,1,21,,,,15,0,15,54,6,60,0,0,0,51054,3949,55003
2019-04,17451,2336,19787,31343,1525,32868,172,11,183,,,,2053,61,2114,21,1,22,,,,15,0,15,54,7,61,0,0,0,51109,3941,55050
2019-05,17507,2364,19871,31290,1538,32828,177,10,187,,,,2058,63,2121,21,1,22,,,,15,0,15,56,7,63,0,0,0,51124,3983,55107
2019-06,17519,2358,19877,31241,1535,32776,176,10,186,,,,2040,66,2106,21,1,22,1,0,1,15,0,15,57,7,64,0,0,0,51070,3977,55047
2019-07,17592,2365,19957,31367,1536,32903,179,10,189,,,,2023,69,2092,23,1,24,1,0,1,15,0,15,58,7,65,0,0,0,51258,3988,55246
2019-08,17497,2390,19887,31258,1551,32809,179,10,189,,,,2037,69,2106,24,1,25,1,0,1,15,0,15,58,6,64,0,0,0,51069,4027,55096
2019-09,17690,2391,20081,31357,1553,32910,181,9,190,,,,2050,63,2113,24,1,25,1,0,1,16,0,16,57,7,64,0,0,0,51376,4024,55400
2019-10,17728,2402,20130,31499,1577,33076,179,8,187,,,,2074,61,2135,25,1,26,1,0,1,18,0,18,58,7,65,0,0,0,51582,4056,55638
2019-11,17823,2403,20226,31591,1579,33170,179,8,187,,,,2082,64,2146,25,0,25,1,0,1,15,0,15,57,7,64,0,0,0,51773,4061,55834
2019-12,17728,2377,20105,31456,1580,33036,178,8,186,,,,2061,65,2126,25,0,25,1,0,1,14,0,14,56,7,63,0,0,0,51519,4037,55556
2020-01,17588,2355,19943,31357,1560,32917,180,10,190,,,,2071,64,2135,28,0,28,,,,2,0,2,2,1,3,0,0,0,51228,3990,55218
2020-02,17586,2331,19917,31381,1552,32933,183,9,192,,,,2081,63,2144,29,0,29,,,,2,0,2,2,2,4,0,0,0,51264,3957,55221
2020-03,17538,2303,19841,31282,1545,32827,183,9,192,,,,2072,58,2130,28,0,28,,,,2,0,2,3,2,5,0,0,0,51108,3917,55025
2020-04,17097,2176,19273,30577,1484,32061,175,9,184,,,,2043,56,2099,25,0,25,,,,1,1,2,3,1,4,0,0,0,49921,3727,53648
2020-05,16498,2021,18519,29803,1406,31209,165,8,173,,,,2001,54,2055,24,0,24,,,,1,0,1,4,1,5,0,0,0,48496,3490,51986
2020-06,16254,1997,18251,29359,1387,30746,160,7,167,,,,1972,54,2026,24,0,24,,,,,,,4,1,5,0,0,0,47773,3446,51219
2020-07,16013,1958,17971,28907,1368,30275,159,7,166,,,,1955,54,2009,25,1,26,,,,,,,4,1,5,0,0,0,47063,3389,50452
2020-08,15824,1933,17757,28580,1336,29916,158,8,166,,,,1934,51,1985,25,1,26,,,,,,,3,1,4,0,0,0,46524,3330,49854
2020-09,15679,1914,17593,28299,1317,29616,158,8,166,,,,1917,50,1967,24,1,25,,,,,,,3,1,4,0,0,0,46080,3291,49371
2020-10,15361,1848,17209,27812,1283,29095,155,8,163,,,,1890,50,1940,24,1,25,,,,1,0,1,4,2,6,0,0,0,45247,3192,48439
2020-11,15266,1834,17100,27648,1272,28920,151,8,159,,,,1879,49,1928,23,1,24,,,,1,0,1,4,2,6,0,0,0,44972,3166,48138
2020-12,15119,1809,16928,27432,1245,28677,149,7,156,,,,1866,48,1914,25,1,26,,,,2,0,2,4,2,6,0,0,0,44597,3112,47709
2021-01,14916,1756,16672,27061,1212,28273,149,6,155,,,,1850,47,1897,24,1,25,,,,3,0,3,6,2,8,0,0,0,44009,3024,47033
2021-02,14768,1732,16500,26787,1176,27963,144,6,150,,,,1840,46,1886,23,2,25,,,,3,0,3,7,2,9,0,0,0,43572,2964,46536
2021-03,14711,1738,16449,26607,1153,27760,142,6,148,,,,1869,45,1914,25,2,27,,,,4,0,4,11,2,13,0,0,0,43369,2946,46315
2021-04,14708,1745,16453,26511,1142,27653,138,6,144,,,,1863,44,1907,24,2,26,,,,4,0,4,12,2,14,0,0,0,43260,2941,46201
2021-05,14833,1733,16566,26508,1134,27642,139,6,145,,,,1863,45,1908,23,2,25,,,,4,0,4,10,2,12,0,0,0,43380,2922,46302
2021-06,14968,1747,16715,26621,1143,27764,144,7,151,,,,1867,46,1913,22,2,24,,,,5,0,5,12,2,14,0,0,0,43639,2947,46586
2021-07,15022,1765,16787,26573,1160,27733,143,7,150,,,,1881,45,1926,21,2,23,,,,4,0,4,14,1,15,0,0,0,43658,2980,46638
2021-08,15058,1762,16820,26567,1161,27728,141,7,148,,,,1877,49,1926,20,2,22,,,,5,0,5,16,1,17,0,0,0,43684,2982,46666
2021-09,15097,1759,16856,26563,1170,27733,142,6,148,,,,1870,49,1919,19,2,21,,,,4,0,4,20,1,21,0,0,0,43715,2987,46702
2021-10,15178,1785,16963,26490,1181,27671,148,7,155,,,,1894,49,1943,20,2,22,,,,5,0,5,20,1,21,0,0,0,43755,3025,46780
2021-11,15282,1786,17068,26483,1189,27672,150,6,156,,,,1902,48,1950,20,2,22,,,,5,0,5,18,1,19,0,0,0,43860,3032,46892
2021-12,15396,1782,17178,26509,1191,27700,150,8,158,,,,1889,48,1937,20,2,22,,,,7,0,7,17,1,18,0,0,0,43988,3032,47020
2022-01,15283,1758,17041,26317,1197,27514,149,8,157,,,,1865,49,1914,20,1,21,,,,6,0,6,15,1,16,0,0,0,43655,3014,46669
2022-02,15284,1766,17050,26388,1206,27594,151,8,159,,,,1870,47,1917,20,1,21,,,,,,,2,0,2,0,0,0,43715,3028,46743
2022-03,15419,1831,17250,26469,1221,27690,154,10,164,,,,1876,47,1923,21,1,22,,,,,,,1,0,1,0,0,0,43940,3110,47050
2022-04,15504,1846,17350,26534,1229,27763,155,9,164,,,,1879,47,1926,20,1,21,,,,1,0,1,2,0,2,0,0,0,44095,3132,47227
2022-05,15630,1881,17511,26757,1259,28016,154,9,163,,,,1891,48,1939,21,1,22,,,,1,0,1,3,0,3,0,0,0,44457,3198,47655
2022-06,15665,1930,17595,26837,1271,28108,150,10,160,,,,1874,47,1921,22,1,23,,,,1,0,1,6,1,7,0,0,0,44555,3260,47815
2022-07,15654,1918,17572,26824,1253,28077,152,10,162,,,,1901,48,1949,24,1,25,,,,1,0,1,7,2,9,0,0,0,44563,3232,47795
2022-08,15701,1940,17641,26870,1265,28135,152,10,162,,,,1898,49,1947,23,0,23,,,,1,0,1,4,4,8,0,0,0,44649,3268,47917
2022-09,15682,1932,17614,26910,1276,28186,155,10,165,,,,1950,49,1999,22,0,22,,,,1,0,1,6,4,10,0,0,0,44726,3271,47997
2022-10,15781,1960,17741,26993,1287,28280,155,10,165,,,,1949,47,1996,21,0,21,,,,2,0,2,8,3,11,0,0,0,44909,3307,48216
2022-11,15841,1982,17823,27104,1288,28392,156,9,165,,,,1945,47,1992,22,0,22,,,,2,0,2,7,3,10,0,0,0,45077,3329,48406
2022-12,15903,1985,17888,27156,1300,28456,156,9,165,,,,1936,49,1985,23,1,24,,,,2,0,2,9,3,12,0,0,0,45185,3347,48532
2023-01,15930,1989,17919,27160,1293,28453,155,9,164,,,,1944,49,1993,23,1,24,,,,1,0,1,10,3,13,0,0,0,45223,3344,48567
2023-02,16004,2003,18007,27281,1302,28583,156,9,165,,,,1942,48,1990,24,1,25,1,0,1,1,0,1,10,3,13,0,0,0,45419,3366,48785
2023-03,16167,2060,18227,27539,1316,28855,156,9,165,,,,1934,48,1982,25,1,26,1,0,1,1,0,1,9,3,12,0,0,0,45832,3437,49269
2023-04,16197,2090,18287,27538,1325,28863,151,10,161,,,,1934,51,1985,24,1,25,1,0,1,2,0,2,9,4,13,0,0,0,45856,3481,49337
2023-05,16089,2092,18181,27528,1340,28868,154,10,164,,,,1987,53,2040,25,1,26,1,0,1,3,0,3,10,4,14,0,0,0,45797,3500,49297
2023-06,16145,2101,18246,27647,1347,28994,155,10,165,,,,2010,53,2063,26,1,27,1,0,1,2,0,2,10,5,15,0,0,0,45996,3517,49513
2023-07,16115,2108,18223,27597,1334,28931,156,10,166,,,,2008,56,2064,25,2,27,1,1,2,1,0,1,10,5,15,0,0,0,45913,3516,49429
2023-08,16146,2122,18268,27763,1360,29123,155,11,166,,,,2008,53,2061,26,2,28,1,1,2,1,0,1,11,5,16,0,0,0,46111,3554,49665
2023-09,16236,2161,18397,27849,1363,29212,153,11,164,,,,2010,54,2064,25,2,27,0,1,1,1,0,1,12,5,17,0,0,0,46286,3597,49883
2023-10,16381,2153,18534,28099,1377,29476,158,9,167,,,,2020,53,2073,25,2,27,1,1,2,1,1,2,12,5,17,0,0,0,46697,3601,50298
2023-11,16483,2178,18661,28247,1405,29652,161,9,170,,,,2032,53,2085,25,1,26,1,1,2,3,1,4,11,5,16,0,0,0,46963,3653,50616
2023-12,16463,2187,18650,28311,1422,29733,155,9,164,,,,2026,52,2078,26,1,27,1,1,2,1,1,2,14,4,18,0,0,0,46997,3677,50674
2024-01,16437,2178,18615,28339,1436,29775,156,10,166,,,,2037,51,2088,26,1,27,1,1,2,2,1,3,15,4,19,0,0,0,47013,3682,50695
2024-02,16385,2178,18563,28416,1454,29870,162,9,171,,,,2066,53,2119,28,1,29,2,1,3,2,1,3,17,4,21,0,0,0,47078,3701,50779
2024-03,16421,2192,18613,28563,1469,30032,163,9,172,,,,2069,59,2128,28,2,30,2,1,3,1,1,2,18,4,22,0,0,0,47265,3737,51002
2024-04,16436,2221,18657,28738,1474,30212,165,9,174,,,,2102,58,2160,30,2,32,2,1,3,1,1,2,22,4,26,0,0,0,47496,3770,51266
2024-05,16458,2225,18683,28836,1496,30332,164,8,172,,,,2135,59,2194,31,2,33,2,1,3,1,1,2,22,2,24,0,0,0,47649,3794,51443
2024-06,16413,2210,18623,29007,1484,30491,164,8,172,,,,2169,57,2226,30,2,32,2,1,3,1,1,2,19,2,21,0,0,0,47805,3765,51570
2024-07,16318,2188,18506,29036,1482,30518,165,8,173,,,,2205,57,2262,32,2,34,2,1,3,1,1,2,22,3,25,0,0,0,47781,3742,51523
2024-08,16272,2183,18455,29064,1495,30559,164,8,172,,,,2232,56,2288,31,2,33,2,1,3,1,1,2,21,3,24,0,0,0,47787,3749,51536
2024-09,16270,2204,18474,29184,1509,30693,166,8,174,,,,2253,55,2308,31,2,33,2,1,3,2,1,3,21,3,24,0,0,0,47929,3783,51712
2024-10,16261,2214,18475,29206,1538,30744,169,7,176,,,,2252,58,2310,30,1,31,2,1,3,1,1,2,20,5,25,0,0,0,47941,3825,51766
2024-11,16187,2196,18383,29204,1533,30737,169,9,178,,,,2286,58,2344,32,1,33,2,1,3,2,0,2,19,5,24,0,0,0,47901,3803,51704
2024-12,16171,2194,18365,29293,1544,30837,172,8,180,,,,2292,59,2351,33,0,33,2,1,3,3,0,3,19,5,24,0,0,0,47985,3811,51796
2025-01,16111,2203,18314,29297,1562,30859,172,8,180,,,,2307,57,2364,34,0,34,2,1,3,1,0,1,16,5,21,0,0,0,47940,3836,51776
2025-02,16096,2189,18285,29364,1574,30938,169,9,178,,,,2346,58,2404,33,1,34,2,1,3,1,0,1,18,5,23,0,0,0,48029,3837,51866
2025-03,16087,2177,18264,29493,1599,31092,170,9,179,,,,2367,59,2426,31,1,32,2,1,3,2,0,2,18,4,22,0,0,0,48170,3850,52020
2025-04,16076,2191,18267,29619,1618,31237,166,9,175,,,,2410,57,2467,32,1,33,2,1,3,3,0,3,21,5,26,0,0,0,48329,3882,52211
2025-05,16131,2219,18350,29959,1644,31603,164,10,174,,,,2451,57,2508,34,1,35,3,1,4,1,0,1,20,5,25,0,0,0,48763,3937,52700
2025-06,16122,2235,18357,30009,1665,31674,162,10,172,,,,2476,59,2535,35,2,37,3,1,4,2,0,2,18,5,23,0,0,0,48827,3977,52804
2025-07,16100,2257,18357,30062,1678,31740,163,10,173,,,,2498,55,2553,34,2,36,3,1,4,2,0,2,21,5,26,0,0,0,48883,4008,52891
2025-08,16075,2236,18311,30039,1688,31727,161,10,171,,,,2500,53,2553,34,2,36,3,1,4,2,0,2,19,4,23,0,0,0,48833,3994,52827
2025-09,16173,2265,18438,30236,1704,31940,161,10,171,,,,2520,53,2573,35,3,38,3,0,3,4,0,4,18,4,22,0,0,0,49150,4039,53189
2025-10,16201,2254,18455,30342,1717,32059,162,10,172,,,,2533,58,2591,36,3,39,3,0,3,4,0,4,17,4,21,0,0,0,49298,4046,53344
2025-11,16145,2253,18398,30358,1729,32087,156,11,167,,,,2559,60,2619,36,4,40,2,0,2,1,0,1,20,4,24,0,0,0,49277,4061,53338
2025-12,16136,2268,18404,30405,1739,32144,156,12,168,,,,2586,56,2642,37,4,41,2,0,2,1,0,1,24,4,28,0,0,0,49347,4083,53430
2026-01,15982,2279,18261,30301,1721,32022,155,12,167,,,,2633,54,2687,37,4,41,2,0,2,1,0,1,24,5,29,0,0,0,49135,4075,53210
2026-02,15998,2248,18246,30356,1739,32095,159,12,171,,,,2640,55,2695,36,4,40,2,0,2,2,0,2,25,4,29,0,0,0,49218,4062,53280
2026-03,16041,2212,18253,30543,1732,32275,163,13,176,,,,2679,57,2736,38,4,42,2,0,2,2,0,2,25,3,28,0,0,0,49493,4021,53514
2026-04,16011,2202,18213,30620,1727,32347,167,12,179,,,,2698,59,2757,36,4,40,3,0,3,2,0,2,26,4,30,0,0,0,49563,4008,53571
2026-05,15971,2199,18170,30569,1730,32299,167,11,178,,,,2718,58,2776,36,4,40,3,0,3,4,0,4,26,4,30,0,0,0,49494,4006,53500
2026-06,15931,2197,18128,30643,1742,32385,175,10,185,,,,2754,59,2813,37,4,41,3,0,3,5,0,5,26,4,30,0,0,0,49574,4016,53590